start_time,datetime,netflow_total
1740772800000,2025-02-28 20:00:00,-150.46738987999998
1740776400000,2025-02-28 21:00:00,1.6532900999999995
1740780000000,2025-02-28 22:00:00,2.946318810000001
1740783600000,2025-02-28 23:00:00,-95.71124906
1740787200000,2025-03-01 00:00:00,-47.14272457
1740790800000,2025-03-01 01:00:00,158.07986258
1740794400000,2025-03-01 02:00:00,-47.71358664
1740798000000,2025-03-01 03:00:00,58.34672918999999
1740801600000,2025-03-01 04:00:00,6.7822109500000005
1740805200000,2025-03-01 05:00:00,-60.74559395
1740808800000,2025-03-01 06:00:00,-255.69941242
1740812400000,2025-03-01 07:00:00,-117.10587312
1740816000000,2025-03-01 08:00:00,-229.15202358
1740819600000,2025-03-01 09:00:00,-18.12610104
1740823200000,2025-03-01 10:00:00,-159.47585026000002
1740826800000,2025-03-01 11:00:00,-59.08609637
1740830400000,2025-03-01 12:00:00,-24.184998040000004
1740834000000,2025-03-01 13:00:00,-83.93455521
1740837600000,2025-03-01 14:00:00,-54.36008526
1740841200000,2025-03-01 15:00:00,-38.19251986
1740844800000,2025-03-01 16:00:00,-67.46890897
1740848400000,2025-03-01 17:00:00,-92.51501112
1740852000000,2025-03-01 18:00:00,23.14078767
1740855600000,2025-03-01 19:00:00,-2.442237899999995
1740859200000,2025-03-01 20:00:00,-24.08204299
1740862800000,2025-03-01 21:00:00,2.8057613199999984
1740866400000,2025-03-01 22:00:00,16.08898097
1740870000000,2025-03-01 23:00:00,-20.82837994
1740873600000,2025-03-02 00:00:00,-71.32681673
1740877200000,2025-03-02 01:00:00,43.155255100000005
1740880800000,2025-03-02 02:00:00,-38.29772319
1740884400000,2025-03-02 03:00:00,28.62782353
1740888000000,2025-03-02 04:00:00,-286.96229874
1740891600000,2025-03-02 05:00:00,-25.59938696
1740895200000,2025-03-02 06:00:00,-65.46556731999999
1740898800000,2025-03-02 07:00:00,-6.993298880000001
1740902400000,2025-03-02 08:00:00,-114.57040666000002
1740906000000,2025-03-02 09:00:00,-121.52165148
1740909600000,2025-03-02 10:00:00,15.68924485
1740913200000,2025-03-02 11:00:00,9.06977328
1740916800000,2025-03-02 12:00:00,-53.18704039
1740920400000,2025-03-02 13:00:00,56.76550431
1740924000000,2025-03-02 14:00:00,31.783184919999997
1740927600000,2025-03-02 15:00:00,-75.59868535000001
1740931200000,2025-03-02 16:00:00,-193.63159917999997
1740934800000,2025-03-02 17:00:00,89.83323768000002
1740938400000,2025-03-02 18:00:00,-109.82896919
1740942000000,2025-03-02 19:00:00,166.63647266
1740945600000,2025-03-02 20:00:00,-28.11543776
1740949200000,2025-03-02 21:00:00,-45.50093595999999
1740952800000,2025-03-02 22:00:00,-68.93744225
1740956400000,2025-03-02 23:00:00,-72.41736428
1740960000000,2025-03-03 00:00:00,115.81842107
1740963600000,2025-03-03 01:00:00,-71.14619315000002
1740967200000,2025-03-03 02:00:00,-30.17222725
1740970800000,2025-03-03 03:00:00,35.95633012999999
1740974400000,2025-03-03 04:00:00,-28.17108505
1740978000000,2025-03-03 05:00:00,24.700527670000003
1740981600000,2025-03-03 06:00:00,-18.019632450000003
1740985200000,2025-03-03 07:00:00,183.15892811
1740988800000,2025-03-03 08:00:00,35.42197881999999
1740992400000,2025-03-03 09:00:00,-2.4316509500000003
1740996000000,2025-03-03 10:00:00,-40.57016420000002
1740999600000,2025-03-03 11:00:00,-117.61880662
1741003200000,2025-03-03 12:00:00,-73.91648596
1741006800000,2025-03-03 13:00:00,-71.63014615
1741010400000,2025-03-03 14:00:00,-376.05687633
1741014000000,2025-03-03 15:00:00,-218.34890447000004
1741017600000,2025-03-03 16:00:00,-50.34124818000001
1741021200000,2025-03-03 17:00:00,-73.4472302
1741024800000,2025-03-03 18:00:00,-109.86327274
1741028400000,2025-03-03 19:00:00,-43.73441541
1741032000000,2025-03-03 20:00:00,-202.03595487
1741035600000,2025-03-03 21:00:00,238.98937573
1741039200000,2025-03-03 22:00:00,-157.26014307
1741042800000,2025-03-03 23:00:00,-114.64781625
1741046400000,2025-03-04 00:00:00,-2.646483459999999
1741050000000,2025-03-04 01:00:00,118.45813656
1741053600000,2025-03-04 02:00:00,-99.60879416999998
1741057200000,2025-03-04 03:00:00,-128.96669953
1741060800000,2025-03-04 04:00:00,-12.43593996
1741064400000,2025-03-04 05:00:00,-34.01603818
1741068000000,2025-03-04 06:00:00,-63.30680174
1741071600000,2025-03-04 07:00:00,-3.356277300000002
1741075200000,2025-03-04 08:00:00,-31.754949720000013
1741078800000,2025-03-04 09:00:00,87.08403448000001
1741082400000,2025-03-04 10:00:00,-6.470474159999995
1741086000000,2025-03-04 11:00:00,-51.37739014
1741089600000,2025-03-04 12:00:00,27.72104300000001
1741093200000,2025-03-04 13:00:00,132.39461534
1741096800000,2025-03-04 14:00:00,-50.21278061
1741100400000,2025-03-04 15:00:00,-110.13799608
1741104000000,2025-03-04 16:00:00,-47.354888149999994
1741107600000,2025-03-04 17:00:00,-95.3083603
1741111200000,2025-03-04 18:00:00,-64.96628876
1741114800000,2025-03-04 19:00:00,-110.01148583
1741118400000,2025-03-04 20:00:00,-55.14517259
1741122000000,2025-03-04 21:00:00,-113.14197312
1741125600000,2025-03-04 22:00:00,-76.17159171
1741129200000,2025-03-04 23:00:00,0.8910380500000001
1741132800000,2025-03-05 00:00:00,-47.04187292
1741136400000,2025-03-05 01:00:00,60.46941984
1741140000000,2025-03-05 02:00:00,-14.592895659999996
1741143600000,2025-03-05 03:00:00,-126.70047824
1741147200000,2025-03-05 04:00:00,-60.78298823
1741150800000,2025-03-05 05:00:00,-23.79260153000001
1741154400000,2025-03-05 06:00:00,30.0039402
1741158000000,2025-03-05 07:00:00,-58.11918013
1741161600000,2025-03-05 08:00:00,59.27609949000001
1741165200000,2025-03-05 09:00:00,-21.45627183
1741168800000,2025-03-05 10:00:00,38.53757842
1741172400000,2025-03-05 11:00:00,-42.24482178
1741176000000,2025-03-05 12:00:00,83.00930807
1741179600000,2025-03-05 13:00:00,-40.80105231
1741183200000,2025-03-05 14:00:00,-12.571958980000002
1741186800000,2025-03-05 15:00:00,-25.77238527
1741190400000,2025-03-05 16:00:00,-8.802719369999998
1741194000000,2025-03-05 17:00:00,-22.57318502
1741197600000,2025-03-05 18:00:00,-88.9867673
1741201200000,2025-03-05 19:00:00,-68.95861164
1741204800000,2025-03-05 20:00:00,14.6909908
1741208400000,2025-03-05 21:00:00,-28.57944373
1741212000000,2025-03-05 22:00:00,-27.69446182
1741215600000,2025-03-05 23:00:00,-9.298892849999998
1741219200000,2025-03-06 00:00:00,-87.8510975
1741222800000,2025-03-06 01:00:00,16.614969020000004
1741226400000,2025-03-06 02:00:00,-3.385994669999995
1741230000000,2025-03-06 03:00:00,99.65125806999998
1741233600000,2025-03-06 04:00:00,38.757624189999994
1741237200000,2025-03-06 05:00:00,4.4396926899999976
1741240800000,2025-03-06 06:00:00,11.956311500000002
1741244400000,2025-03-06 07:00:00,-26.88402474
1741248000000,2025-03-06 08:00:00,-37.94797741000001
1741251600000,2025-03-06 09:00:00,186.65403867
1741255200000,2025-03-06 10:00:00,20.419310000000003
1741258800000,2025-03-06 11:00:00,-27.179724120000003
1741262400000,2025-03-06 12:00:00,9.9611545
1741266000000,2025-03-06 13:00:00,-97.45177613
1741269600000,2025-03-06 14:00:00,93.064445
1741273200000,2025-03-06 15:00:00,-44.91240903
1741276800000,2025-03-06 16:00:00,31.77872499
1741280400000,2025-03-06 17:00:00,-38.228365620000005
1741284000000,2025-03-06 18:00:00,13.906763430000002
1741287600000,2025-03-06 19:00:00,-7.98981352
1741291200000,2025-03-06 20:00:00,-48.77214688
1741294800000,2025-03-06 21:00:00,4.4075576299999994
1741298400000,2025-03-06 22:00:00,-56.43162531
1741302000000,2025-03-06 23:00:00,-49.78971855
1741305600000,2025-03-07 00:00:00,-21.7374502
1741309200000,2025-03-07 01:00:00,-48.28199
1741312800000,2025-03-07 02:00:00,23.738616950000008
1741316400000,2025-03-07 03:00:00,-12.17565802
1741320000000,2025-03-07 04:00:00,-162.09213585000003
1741323600000,2025-03-07 05:00:00,69.53441498000001
1741327200000,2025-03-07 06:00:00,4.525772140000001
1741330800000,2025-03-07 07:00:00,-90.52754298
1741334400000,2025-03-07 08:00:00,-58.97180131
1741338000000,2025-03-07 09:00:00,-26.751575050000007
1741341600000,2025-03-07 10:00:00,-26.92433988
1741345200000,2025-03-07 11:00:00,2.19056724
1741348800000,2025-03-07 12:00:00,-2.1508042399999994
1741352400000,2025-03-07 13:00:00,156.82077238
1741356000000,2025-03-07 14:00:00,45.55750998000002
1741359600000,2025-03-07 15:00:00,-55.144481940000006
1741363200000,2025-03-07 16:00:00,-182.78029474
1741366800000,2025-03-07 17:00:00,128.40865359
1741370400000,2025-03-07 18:00:00,-39.712023040000005
1741374000000,2025-03-07 19:00:00,-15.593232969999995
1741377600000,2025-03-07 20:00:00,120.44635798000002
1741381200000,2025-03-07 21:00:00,45.900556040000005
1741384800000,2025-03-07 22:00:00,230.39816907
1741388400000,2025-03-07 23:00:00,-31.64108265
1741392000000,2025-03-08 00:00:00,-3.2511687
1741395600000,2025-03-08 01:00:00,-106.29293135
1741399200000,2025-03-08 02:00:00,-0.3846907900000005
1741402800000,2025-03-08 03:00:00,-30.99117392
1741406400000,2025-03-08 04:00:00,-80.76724177
1741410000000,2025-03-08 05:00:00,-44.70153576
1741413600000,2025-03-08 06:00:00,14.209004660000002
1741417200000,2025-03-08 07:00:00,-11.31183003
1741420800000,2025-03-08 08:00:00,77.97567275
1741424400000,2025-03-08 09:00:00,-39.9378145
1741428000000,2025-03-08 10:00:00,1.0101110099999993
1741431600000,2025-03-08 11:00:00,-17.26556237
1741435200000,2025-03-08 12:00:00,19.62424166
1741438800000,2025-03-08 13:00:00,-91.29745621
1741442400000,2025-03-08 14:00:00,-12.96149625
1741446000000,2025-03-08 15:00:00,-25.34673595
1741449600000,2025-03-08 16:00:00,-10.15821467
1741453200000,2025-03-08 17:00:00,-17.50325554
1741456800000,2025-03-08 18:00:00,-11.10526113
1741460400000,2025-03-08 19:00:00,-1.5122339299999998
1741464000000,2025-03-08 20:00:00,-14.644503149999998
1741467600000,2025-03-08 21:00:00,31.32296763
1741471200000,2025-03-08 22:00:00,6.87417127
1741474800000,2025-03-08 23:00:00,-12.033569880000002
1741478400000,2025-03-09 00:00:00,1.73333491
1741482000000,2025-03-09 01:00:00,11.93756541
1741485600000,2025-03-09 02:00:00,28.636549100000003
1741489200000,2025-03-09 03:00:00,-2.06274187
1741492800000,2025-03-09 04:00:00,6.82931269
1741496400000,2025-03-09 05:00:00,-0.0850121899999996
1741500000000,2025-03-09 06:00:00,-0.8830422899999999
1741503600000,2025-03-09 07:00:00,-33.078756229999996
1741507200000,2025-03-09 08:00:00,14.344309589999998
1741510800000,2025-03-09 09:00:00,-3.56890474
1741514400000,2025-03-09 10:00:00,0.4678785999999988
1741518000000,2025-03-09 11:00:00,-12.246567550000009
1741521600000,2025-03-09 12:00:00,3.82738173
1741525200000,2025-03-09 13:00:00,-6.655940180000002
1741528800000,2025-03-09 14:00:00,-185.18476261
1741532400000,2025-03-09 15:00:00,-47.20909159
1741536000000,2025-03-09 16:00:00,47.12849079
1741539600000,2025-03-09 17:00:00,44.64345904
1741543200000,2025-03-09 18:00:00,-6.1972533699999985
1741546800000,2025-03-09 19:00:00,-47.86070002
1741550400000,2025-03-09 20:00:00,-2.7428072300000004
1741554000000,2025-03-09 21:00:00,-19.094597219999997
1741557600000,2025-03-09 22:00:00,49.37073727
1741561200000,2025-03-09 23:00:00,104.8888341
1741564800000,2025-03-10 00:00:00,75.31705778
1741568400000,2025-03-10 01:00:00,21.29589874
1741572000000,2025-03-10 02:00:00,221.46715103
1741575600000,2025-03-10 03:00:00,111.64974326
1741579200000,2025-03-10 04:00:00,64.12715189
1741582800000,2025-03-10 05:00:00,53.40909242000001
1741586400000,2025-03-10 06:00:00,-224.25536015
1741590000000,2025-03-10 07:00:00,52.75269141
1741593600000,2025-03-10 08:00:00,63.641125499999994
1741597200000,2025-03-10 09:00:00,16.956600349999995
1741600800000,2025-03-10 10:00:00,35.19441358
1741604400000,2025-03-10 11:00:00,42.99284315999999
1741608000000,2025-03-10 12:00:00,637.5366339899999
1741611600000,2025-03-10 13:00:00,2.4351414699999996
1741615200000,2025-03-10 14:00:00,134.78893782999998
1741618800000,2025-03-10 15:00:00,-54.5401654
1741622400000,2025-03-10 16:00:00,-74.26143632
1741626000000,2025-03-10 17:00:00,183.38698331
1741629600000,2025-03-10 18:00:00,22.36938984000001
1741633200000,2025-03-10 19:00:00,20.48762463999998
1741636800000,2025-03-10 20:00:00,17.89653319
1741640400000,2025-03-10 21:00:00,-56.912952
1741644000000,2025-03-10 22:00:00,30.60746218
1741647600000,2025-03-10 23:00:00,24.384881690000007
1741651200000,2025-03-11 00:00:00,25.00931443
1741654800000,2025-03-11 01:00:00,389.1160094
1741658400000,2025-03-11 02:00:00,22.31997616999999
1741662000000,2025-03-11 03:00:00,29.80244795
1741665600000,2025-03-11 04:00:00,13.262291470000008
1741669200000,2025-03-11 05:00:00,38.31938232
1741672800000,2025-03-11 06:00:00,39.97389956
1741676400000,2025-03-11 07:00:00,-213.11375646
1741680000000,2025-03-11 08:00:00,175.29276541000002
1741683600000,2025-03-11 09:00:00,33.176707070000006
1741687200000,2025-03-11 10:00:00,14.577379799999989
1741690800000,2025-03-11 11:00:00,38.47545606
1741694400000,2025-03-11 12:00:00,260.03156542
1741698000000,2025-03-11 13:00:00,271.97726283000003
1741701600000,2025-03-11 14:00:00,-4.868539220000002
1741705200000,2025-03-11 15:00:00,52.937580749999995
1741708800000,2025-03-11 16:00:00,-16.25014924
1741712400000,2025-03-11 17:00:00,64.99610477
1741716000000,2025-03-11 18:00:00,-27.275281790000008
1741719600000,2025-03-11 19:00:00,-33.194371589999996
1741723200000,2025-03-11 20:00:00,-3.86842118
1741726800000,2025-03-11 21:00:00,-223.4427954
1741730400000,2025-03-11 22:00:00,-38.51749426
1741734000000,2025-03-11 23:00:00,1.488882010000001
1741737600000,2025-03-12 00:00:00,-5.7089341000000005
1741741200000,2025-03-12 01:00:00,-7.595900360000002
1741744800000,2025-03-12 02:00:00,-75.73317394
1741748400000,2025-03-12 03:00:00,7.423100510000001
1741752000000,2025-03-12 04:00:00,-116.35725189
1741755600000,2025-03-12 05:00:00,15.73032627
1741759200000,2025-03-12 06:00:00,31.933121910000004
1741762800000,2025-03-12 07:00:00,71.40187587999999
1741766400000,2025-03-12 08:00:00,-56.89282619
1741770000000,2025-03-12 09:00:00,-28.65363175
1741773600000,2025-03-12 10:00:00,118.41134017000002
1741777200000,2025-03-12 11:00:00,-12.737329719999998
1741780800000,2025-03-12 12:00:00,-89.7515497
1741784400000,2025-03-12 13:00:00,-46.79605887
1741788000000,2025-03-12 14:00:00,-225.24615076
1741791600000,2025-03-12 15:00:00,-138.67869548000002
1741795200000,2025-03-12 16:00:00,55.67829782
1741798800000,2025-03-12 17:00:00,4.947108359999998
1741802400000,2025-03-12 18:00:00,-7.90257595
1741806000000,2025-03-12 19:00:00,17.89727972
1741809600000,2025-03-12 20:00:00,6.233870889999999
1741813200000,2025-03-12 21:00:00,2.62290093
1741816800000,2025-03-12 22:00:00,-27.29573517
1741820400000,2025-03-12 23:00:00,-0.7172802099999984
1741824000000,2025-03-13 00:00:00,91.42604677
1741827600000,2025-03-13 01:00:00,0.6164241800000028
1741831200000,2025-03-13 02:00:00,7.589624270000002
1741834800000,2025-03-13 03:00:00,2.7200397200000026
1741838400000,2025-03-13 04:00:00,-36.38410146999999
1741842000000,2025-03-13 05:00:00,-11.012081579999998
1741845600000,2025-03-13 06:00:00,42.19452353
1741849200000,2025-03-13 07:00:00,14.93449482
1741852800000,2025-03-13 08:00:00,42.01914333
1741856400000,2025-03-13 09:00:00,287.89418714
1741860000000,2025-03-13 10:00:00,-37.905255739999994
1741863600000,2025-03-13 11:00:00,13.49082904
1741867200000,2025-03-13 12:00:00,18.9142557
1741870800000,2025-03-13 13:00:00,40.02096814000001
1741874400000,2025-03-13 14:00:00,21.370720660000003
1741878000000,2025-03-13 15:00:00,77.07083106
1741881600000,2025-03-13 16:00:00,63.99896535
1741885200000,2025-03-13 17:00:00,62.880125680000006
1741888800000,2025-03-13 18:00:00,28.29527799
1741892400000,2025-03-13 19:00:00,35.47215435
1741896000000,2025-03-13 20:00:00,-8.85230245
1741899600000,2025-03-13 21:00:00,29.720930190000004
1741903200000,2025-03-13 22:00:00,-7.67754454
1741906800000,2025-03-13 23:00:00,53.16410274
1741910400000,2025-03-14 00:00:00,53.59373494
1741914000000,2025-03-14 01:00:00,-3.633222450000005
1741917600000,2025-03-14 02:00:00,-36.31901061
1741921200000,2025-03-14 03:00:00,-6.940375639999999
1741924800000,2025-03-14 04:00:00,33.0783273
1741928400000,2025-03-14 05:00:00,45.96514784
1741932000000,2025-03-14 06:00:00,34.83425959
1741935600000,2025-03-14 07:00:00,14.872733389999992
1741939200000,2025-03-14 08:00:00,63.32254241
1741942800000,2025-03-14 09:00:00,19.064284210000004
1741946400000,2025-03-14 10:00:00,-42.71716193
1741950000000,2025-03-14 11:00:00,12.136809930000002
1741953600000,2025-03-14 12:00:00,24.84465188
1741957200000,2025-03-14 13:00:00,-37.65399234
1741960800000,2025-03-14 14:00:00,176.98507342
1741964400000,2025-03-14 15:00:00,320.50962309
1741968000000,2025-03-14 16:00:00,-124.34305577
1741971600000,2025-03-14 17:00:00,-19.17731202
1741975200000,2025-03-14 18:00:00,-51.64784166
1741978800000,2025-03-14 19:00:00,-60.06964333
1741982400000,2025-03-14 20:00:00,-17.49014105
1741986000000,2025-03-14 21:00:00,-13.15990707
1741989600000,2025-03-14 22:00:00,201.64955928
1741993200000,2025-03-14 23:00:00,-23.47109897
1741996800000,2025-03-15 00:00:00,12.33194351
1742000400000,2025-03-15 01:00:00,-10.38836534
1742004000000,2025-03-15 02:00:00,24.90558691
1742007600000,2025-03-15 03:00:00,94.15625506
1742011200000,2025-03-15 04:00:00,-9.98679593
1742014800000,2025-03-15 05:00:00,-22.74569702
1742018400000,2025-03-15 06:00:00,-29.140014559999997
1742022000000,2025-03-15 07:00:00,0.02510691999999981
1742025600000,2025-03-15 08:00:00,-14.193693499999998
1742029200000,2025-03-15 09:00:00,-0.3872660900000007
1742032800000,2025-03-15 10:00:00,12.54284031
1742036400000,2025-03-15 11:00:00,-4.90901268
1742040000000,2025-03-15 12:00:00,-8.78021235
1742043600000,2025-03-15 13:00:00,-11.25172163
1742047200000,2025-03-15 14:00:00,10.063164200000005
1742050800000,2025-03-15 15:00:00,-62.56021754999999
1742054400000,2025-03-15 16:00:00,-24.07145375
1742058000000,2025-03-15 17:00:00,-1.61971482
1742061600000,2025-03-15 18:00:00,-1.49440798
1742065200000,2025-03-15 19:00:00,7.720553839999999
1742068800000,2025-03-15 20:00:00,-20.4963091
1742072400000,2025-03-15 21:00:00,-8.59075633
1742076000000,2025-03-15 22:00:00,-36.95266823
1742079600000,2025-03-15 23:00:00,-8.05477227
1742083200000,2025-03-16 00:00:00,0.08834144
1742086800000,2025-03-16 01:00:00,-3.68205236
1742090400000,2025-03-16 02:00:00,-6.2894608399999985
1742094000000,2025-03-16 03:00:00,6.53936234
1742097600000,2025-03-16 04:00:00,-21.00329689
1742101200000,2025-03-16 05:00:00,1.7575839600000016
1742104800000,2025-03-16 06:00:00,-7.33437474
1742108400000,2025-03-16 07:00:00,0.49166670000000057
1742112000000,2025-03-16 08:00:00,1.5866145099999986
1742115600000,2025-03-16 09:00:00,-0.0205429800000001
1742119200000,2025-03-16 10:00:00,-39.173085140000005
1742122800000,2025-03-16 11:00:00,49.71357348
1742126400000,2025-03-16 12:00:00,-15.065256220000002
1742130000000,2025-03-16 13:00:00,-4.585753919999998
1742133600000,2025-03-16 14:00:00,12.14069187
1742137200000,2025-03-16 15:00:00,-47.79514940000001
1742140800000,2025-03-16 16:00:00,46.79753626
1742144400000,2025-03-16 17:00:00,-107.26006977
1742148000000,2025-03-16 18:00:00,2.57767229
1742151600000,2025-03-16 19:00:00,11.57797315
1742155200000,2025-03-16 20:00:00,1.33698606
1742158800000,2025-03-16 21:00:00,-3.1226863500000004
1742162400000,2025-03-16 22:00:00,3.574094329999999
1742166000000,2025-03-16 23:00:00,-0.03613256999999992
1742169600000,2025-03-17 00:00:00,12.597865249999998
1742173200000,2025-03-17 01:00:00,6.00100293
1742176800000,2025-03-17 02:00:00,-32.87582155
1742180400000,2025-03-17 03:00:00,24.13120481
1742184000000,2025-03-17 04:00:00,8.64460713
1742187600000,2025-03-17 05:00:00,28.886005150000003
1742191200000,2025-03-17 06:00:00,-3.151155260000003
1742194800000,2025-03-17 07:00:00,-17.10997987
1742198400000,2025-03-17 08:00:00,-81.24489949
1742202000000,2025-03-17 09:00:00,-6.02721141
1742205600000,2025-03-17 10:00:00,149.06188309
1742209200000,2025-03-17 11:00:00,2.3591571800000004
1742212800000,2025-03-17 12:00:00,92.31350212
1742216400000,2025-03-17 13:00:00,17.39730945
1742220000000,2025-03-17 14:00:00,98.99442971
1742223600000,2025-03-17 15:00:00,65.35982050999999
1742227200000,2025-03-17 16:00:00,52.54349731000001
1742230800000,2025-03-17 17:00:00,-25.92195795
1742234400000,2025-03-17 18:00:00,-224.60745309
1742238000000,2025-03-17 19:00:00,-89.66633888
1742241600000,2025-03-17 20:00:00,-220.00620411
1742245200000,2025-03-17 21:00:00,-439.44034142
1742248800000,2025-03-17 22:00:00,-30.733075480000004
1742252400000,2025-03-17 23:00:00,3.31410669
1742256000000,2025-03-18 00:00:00,53.96487288
1742259600000,2025-03-18 01:00:00,0.3992517099999997
1742263200000,2025-03-18 02:00:00,-142.46780253
1742266800000,2025-03-18 03:00:00,135.99854581
1742270400000,2025-03-18 04:00:00,-10.407082760000002
1742274000000,2025-03-18 05:00:00,-54.03042932
1742277600000,2025-03-18 06:00:00,52.81384985
1742281200000,2025-03-18 07:00:00,18.17259904
1742284800000,2025-03-18 08:00:00,-64.89424925
1742288400000,2025-03-18 09:00:00,28.386934519999997
1742292000000,2025-03-18 10:00:00,-20.28751834
1742295600000,2025-03-18 11:00:00,8.74261364
1742299200000,2025-03-18 12:00:00,-42.48664314
1742302800000,2025-03-18 13:00:00,96.8314732
1742306400000,2025-03-18 14:00:00,104.78393793
1742310000000,2025-03-18 15:00:00,24.047880899999996
1742313600000,2025-03-18 16:00:00,-33.291677379999996
1742317200000,2025-03-18 17:00:00,12.53047913
1742320800000,2025-03-18 18:00:00,-7.63659023
1742324400000,2025-03-18 19:00:00,337.09527729
1742328000000,2025-03-18 20:00:00,-72.38193809999999
1742331600000,2025-03-18 21:00:00,9.816003899999998
1742335200000,2025-03-18 22:00:00,11.62616666
1742338800000,2025-03-18 23:00:00,4.54940371
1742342400000,2025-03-19 00:00:00,-66.80277878
1742346000000,2025-03-19 01:00:00,4.192032939999999
1742349600000,2025-03-19 02:00:00,20.30617075
1742353200000,2025-03-19 03:00:00,-2.1358592099999996
1742356800000,2025-03-19 04:00:00,16.63292194
1742360400000,2025-03-19 05:00:00,-7.708813719999995
1742364000000,2025-03-19 06:00:00,-1.164193190000006
1742367600000,2025-03-19 07:00:00,-157.45924148
1742371200000,2025-03-19 08:00:00,11.69857922
1742374800000,2025-03-19 09:00:00,31.815716609999996
1742378400000,2025-03-19 10:00:00,226.78944606
1742382000000,2025-03-19 11:00:00,2.18926437
1742385600000,2025-03-19 12:00:00,-170.92321533
1742389200000,2025-03-19 13:00:00,17.722546869999988
1742392800000,2025-03-19 14:00:00,412.24427198
1742396400000,2025-03-19 15:00:00,13.93268793
1742400000000,2025-03-19 16:00:00,-154.24006361000002
1742403600000,2025-03-19 17:00:00,-89.06886379000001
1742407200000,2025-03-19 18:00:00,20.78734171
1742410800000,2025-03-19 19:00:00,-40.375334849999994
1742414400000,2025-03-19 20:00:00,-223.18748103
1742418000000,2025-03-19 21:00:00,-2.9470656
1742421600000,2025-03-19 22:00:00,-82.13612938
1742425200000,2025-03-19 23:00:00,-9.08318209
1742428800000,2025-03-20 00:00:00,85.52202977
1742432400000,2025-03-20 01:00:00,-81.8359625
1742436000000,2025-03-20 02:00:00,40.86367873
1742439600000,2025-03-20 03:00:00,21.73786962
1742443200000,2025-03-20 04:00:00,-168.67908306
1742446800000,2025-03-20 05:00:00,22.88922637
1742450400000,2025-03-20 06:00:00,5.720873349999998
1742454000000,2025-03-20 07:00:00,13.363592100000002
1742457600000,2025-03-20 08:00:00,-0.981769919999998
1742461200000,2025-03-20 09:00:00,-18.619762719999997
1742464800000,2025-03-20 10:00:00,36.18370029
1742468400000,2025-03-20 11:00:00,-19.320882239999996
1742472000000,2025-03-20 12:00:00,-20.95107572
1742475600000,2025-03-20 13:00:00,-87.49646004
1742479200000,2025-03-20 14:00:00,-57.34100799
1742482800000,2025-03-20 15:00:00,34.35843105
1742486400000,2025-03-20 16:00:00,44.114966470000006
1742490000000,2025-03-20 17:00:00,-248.06071899
1742493600000,2025-03-20 18:00:00,-35.56029172
1742497200000,2025-03-20 19:00:00,-220.56521528
1742500800000,2025-03-20 20:00:00,-17.824194420000005
1742504400000,2025-03-20 21:00:00,-24.703998799999997
1742508000000,2025-03-20 22:00:00,-242.2375766
1742511600000,2025-03-20 23:00:00,-1.4271360899999976
1742515200000,2025-03-21 00:00:00,-12.18344171
1742518800000,2025-03-21 01:00:00,-2.19373097
1742522400000,2025-03-21 02:00:00,16.454865509999998
1742526000000,2025-03-21 03:00:00,1.940981629999996
1742529600000,2025-03-21 04:00:00,85.25710153999998
1742533200000,2025-03-21 05:00:00,32.057321959999996
1742536800000,2025-03-21 06:00:00,27.989278059999997
1742540400000,2025-03-21 07:00:00,-18.15801024999999
1742544000000,2025-03-21 08:00:00,-13.63188945
1742547600000,2025-03-21 09:00:00,-17.5811002
1742551200000,2025-03-21 10:00:00,-36.28183253
1742554800000,2025-03-21 11:00:00,170.23292422
1742558400000,2025-03-21 12:00:00,-13.34645977
1742562000000,2025-03-21 13:00:00,0.03926305000000241
1742565600000,2025-03-21 14:00:00,16.16476314
1742569200000,2025-03-21 15:00:00,-1.0256196899999992
1742572800000,2025-03-21 16:00:00,-68.94467492
1742576400000,2025-03-21 17:00:00,-41.35291368
1742580000000,2025-03-21 18:00:00,1.43400489
1742583600000,2025-03-21 19:00:00,-19.17025998
1742587200000,2025-03-21 20:00:00,140.03340569
1742590800000,2025-03-21 21:00:00,-75.60677113999999
1742594400000,2025-03-21 22:00:00,-22.06269264
1742598000000,2025-03-21 23:00:00,-9.03000299
1742601600000,2025-03-22 00:00:00,-16.07296672
1742605200000,2025-03-22 01:00:00,-7.969928040000001
1742608800000,2025-03-22 02:00:00,-37.51986853
1742612400000,2025-03-22 03:00:00,18.84248841
1742616000000,2025-03-22 04:00:00,-0.6469824300000001
1742619600000,2025-03-22 05:00:00,-62.87834514
1742623200000,2025-03-22 06:00:00,-2.573917319999996
1742626800000,2025-03-22 07:00:00,5.5065238999999995
1742630400000,2025-03-22 08:00:00,3.2548238300000003
1742634000000,2025-03-22 09:00:00,-13.76822014
1742637600000,2025-03-22 10:00:00,16.294027240000002
1742641200000,2025-03-22 11:00:00,-2.95845903
1742644800000,2025-03-22 12:00:00,5.49299332
1742648400000,2025-03-22 13:00:00,40.63857383999999
1742652000000,2025-03-22 14:00:00,26.13062624
1742655600000,2025-03-22 15:00:00,-23.95331659
1742659200000,2025-03-22 16:00:00,-12.07279281
1742662800000,2025-03-22 17:00:00,-1.061952859999998
1742666400000,2025-03-22 18:00:00,-33.20538886
1742670000000,2025-03-22 19:00:00,-62.75520813000001
1742673600000,2025-03-22 20:00:00,-55.34349341
1742677200000,2025-03-22 21:00:00,4.66147739
1742680800000,2025-03-22 22:00:00,1.11043581
1742684400000,2025-03-22 23:00:00,4.4399713499999995
1742688000000,2025-03-23 00:00:00,9.54969519
1742691600000,2025-03-23 01:00:00,13.279105299999998
1742695200000,2025-03-23 02:00:00,-4.07605105
1742698800000,2025-03-23 03:00:00,7.30822354
1742702400000,2025-03-23 04:00:00,6.40631208
1742706000000,2025-03-23 05:00:00,-0.20762805000000029
1742709600000,2025-03-23 06:00:00,-20.49046005
1742713200000,2025-03-23 07:00:00,9.23358502
1742716800000,2025-03-23 08:00:00,-7.70677238
1742720400000,2025-03-23 09:00:00,11.93456213
1742724000000,2025-03-23 10:00:00,7.85942867
1742727600000,2025-03-23 11:00:00,-26.712199670000004
1742731200000,2025-03-23 12:00:00,-18.325291379999996
1742734800000,2025-03-23 13:00:00,12.22871497
1742738400000,2025-03-23 14:00:00,112.83144859
1742742000000,2025-03-23 15:00:00,1.4538505600000002
1742745600000,2025-03-23 16:00:00,7.330749839999999
1742749200000,2025-03-23 17:00:00,-4.9215122099999995
1742752800000,2025-03-23 18:00:00,0.54962023
1742756400000,2025-03-23 19:00:00,1.42194396
1742760000000,2025-03-23 20:00:00,-13.05586069
1742763600000,2025-03-23 21:00:00,-32.26884372
1742767200000,2025-03-23 22:00:00,-9.7894146
1742770800000,2025-03-23 23:00:00,21.631621090000003
1742774400000,2025-03-24 00:00:00,38.93230698000001
1742778000000,2025-03-24 01:00:00,14.95629011
1742781600000,2025-03-24 02:00:00,33.539453439999996
1742785200000,2025-03-24 03:00:00,13.96860144
1742788800000,2025-03-24 04:00:00,-73.26387238
1742792400000,2025-03-24 05:00:00,25.96989213
1742796000000,2025-03-24 06:00:00,40.76649973
1742799600000,2025-03-24 07:00:00,25.54221939
1742803200000,2025-03-24 08:00:00,104.58446205
1742806800000,2025-03-24 09:00:00,44.626022879999994
1742810400000,2025-03-24 10:00:00,5.232379239999997
1742814000000,2025-03-24 11:00:00,15.381111860000004
1742817600000,2025-03-24 12:00:00,24.73459234
1742821200000,2025-03-24 13:00:00,-6.132571670000001
1742824800000,2025-03-24 14:00:00,-245.31953509
1742828400000,2025-03-24 15:00:00,-67.84217156
1742832000000,2025-03-24 16:00:00,-109.84790676
1742835600000,2025-03-24 17:00:00,-36.004312739999996
1742839200000,2025-03-24 18:00:00,-33.94361747000001
1742842800000,2025-03-24 19:00:00,-246.52922074000003
1742846400000,2025-03-24 20:00:00,-48.22156627
1742850000000,2025-03-24 21:00:00,-93.40166825
1742853600000,2025-03-24 22:00:00,-162.4434288
1742857200000,2025-03-24 23:00:00,-180.48411625
1742860800000,2025-03-25 00:00:00,-100.32271859
1742864400000,2025-03-25 01:00:00,-57.246207
1742868000000,2025-03-25 02:00:00,12.96521586
1742871600000,2025-03-25 03:00:00,13.564099419999998
1742875200000,2025-03-25 04:00:00,27.630203149999993
1742878800000,2025-03-25 05:00:00,-33.70133035999999
1742882400000,2025-03-25 06:00:00,-41.201346390000005
1742886000000,2025-03-25 07:00:00,-59.487832319999995
1742889600000,2025-03-25 08:00:00,-63.96885551
1742893200000,2025-03-25 09:00:00,12.548265299999995
1742896800000,2025-03-25 10:00:00,-93.03325817
1742900400000,2025-03-25 11:00:00,10.428813479999995
1742904000000,2025-03-25 12:00:00,18.91985079
1742907600000,2025-03-25 13:00:00,15.02993816
1742911200000,2025-03-25 14:00:00,-93.70557807
1742914800000,2025-03-25 15:00:00,-41.89486498
1742918400000,2025-03-25 16:00:00,-60.688864409999994
1742922000000,2025-03-25 17:00:00,-16.011152519999996
1742925600000,2025-03-25 18:00:00,-101.39483524
1742929200000,2025-03-25 19:00:00,-42.99740528
1742932800000,2025-03-25 20:00:00,-37.62603227
1742936400000,2025-03-25 21:00:00,-4.061135559999999
1742940000000,2025-03-25 22:00:00,16.203370800000002
1742943600000,2025-03-25 23:00:00,-19.111837549999997
1742947200000,2025-03-26 00:00:00,17.74528902
1742950800000,2025-03-26 01:00:00,6.6608583800000005
1742954400000,2025-03-26 02:00:00,62.072815250000005
1742958000000,2025-03-26 03:00:00,99.2243297
1742961600000,2025-03-26 04:00:00,112.64057073
1742965200000,2025-03-26 05:00:00,65.48597559
1742968800000,2025-03-26 06:00:00,-5.589298890000002
1742972400000,2025-03-26 07:00:00,-36.32637684
1742976000000,2025-03-26 08:00:00,31.398409480000005
1742979600000,2025-03-26 09:00:00,-105.88683817
1742983200000,2025-03-26 10:00:00,-196.18763456
1742986800000,2025-03-26 11:00:00,16.057549280000003
1742990400000,2025-03-26 12:00:00,23.415651119999996
1742994000000,2025-03-26 13:00:00,-49.78879723
1742997600000,2025-03-26 14:00:00,-21.40472743
1743001200000,2025-03-26 15:00:00,-63.08123449000001
1743004800000,2025-03-26 16:00:00,-227.95756924
1743008400000,2025-03-26 17:00:00,-43.489308
1743012000000,2025-03-26 18:00:00,15.314619760000006
1743015600000,2025-03-26 19:00:00,22.92863499000001
1743019200000,2025-03-26 20:00:00,-57.971707679999994
1743022800000,2025-03-26 21:00:00,-72.68355608
1743026400000,2025-03-26 22:00:00,-19.46356702
1743030000000,2025-03-26 23:00:00,-6.170455710000001
1743033600000,2025-03-27 00:00:00,22.1387991
1743037200000,2025-03-27 01:00:00,11.047574869999998
1743040800000,2025-03-27 02:00:00,-18.51563748
1743044400000,2025-03-27 03:00:00,38.20241517
1743048000000,2025-03-27 04:00:00,29.04576187
1743051600000,2025-03-27 05:00:00,-95.18485371
1743055200000,2025-03-27 06:00:00,7.2000492399999985
1743058800000,2025-03-27 07:00:00,0.5650805000000005
1743062400000,2025-03-27 08:00:00,-4.592274270000001
1743066000000,2025-03-27 09:00:00,86.68045294000001
1743069600000,2025-03-27 10:00:00,38.55549529
1743073200000,2025-03-27 11:00:00,-7.108806710000003
1743076800000,2025-03-27 12:00:00,133.01166329
1743080400000,2025-03-27 13:00:00,-48.25636504
1743084000000,2025-03-27 14:00:00,53.34717069
1743087600000,2025-03-27 15:00:00,-9.044076949999996
1743091200000,2025-03-27 16:00:00,53.06968986
1743094800000,2025-03-27 17:00:00,0.69122299
1743098400000,2025-03-27 18:00:00,-12.03545105
1743102000000,2025-03-27 19:00:00,-11.52179449
1743105600000,2025-03-27 20:00:00,-5.78884437
1743109200000,2025-03-27 21:00:00,-37.620807549999995
1743112800000,2025-03-27 22:00:00,-5.822591409999999
1743116400000,2025-03-27 23:00:00,-25.14575472
1743120000000,2025-03-28 00:00:00,-0.9614149400000044
1743123600000,2025-03-28 01:00:00,-40.19365498
1743127200000,2025-03-28 02:00:00,-90.48248531
1743130800000,2025-03-28 03:00:00,0.47441689000000054
1743134400000,2025-03-28 04:00:00,3.348476009999999
1743138000000,2025-03-28 05:00:00,-55.33488856
1743141600000,2025-03-28 06:00:00,52.47993979
1743145200000,2025-03-28 07:00:00,5.243553939999998
1743148800000,2025-03-28 08:00:00,-362.96211344
1743152400000,2025-03-28 09:00:00,-85.49656070000002
1743156000000,2025-03-28 10:00:00,149.40115959
1743159600000,2025-03-28 11:00:00,70.35210119999999
1743163200000,2025-03-28 12:00:00,-45.48875403
1743166800000,2025-03-28 13:00:00,-8.031224119999997
1743170400000,2025-03-28 14:00:00,108.98231587
1743174000000,2025-03-28 15:00:00,210.39169305
1743177600000,2025-03-28 16:00:00,36.351123130000005
1743181200000,2025-03-28 17:00:00,47.674222559999976
1743184800000,2025-03-28 18:00:00,32.27113080000001
1743188400000,2025-03-28 19:00:00,-28.84168012
1743192000000,2025-03-28 20:00:00,-9.462402250000002
1743195600000,2025-03-28 21:00:00,50.11598257
1743199200000,2025-03-28 22:00:00,133.08416703999998
1743202800000,2025-03-28 23:00:00,-135.61938242
1743206400000,2025-03-29 00:00:00,-124.30895174
1743210000000,2025-03-29 01:00:00,36.47089423
1743213600000,2025-03-29 02:00:00,9.81401657
1743217200000,2025-03-29 03:00:00,-83.01246618
1743220800000,2025-03-29 04:00:00,39.70838072999999
1743224400000,2025-03-29 05:00:00,66.73485949
1743228000000,2025-03-29 06:00:00,17.11176476
1743231600000,2025-03-29 07:00:00,-1.813921269999998
1743235200000,2025-03-29 08:00:00,13.107933200000002
1743238800000,2025-03-29 09:00:00,6.974630079999999
1743242400000,2025-03-29 10:00:00,135.11235894
1743246000000,2025-03-29 11:00:00,83.83681340999999
1743249600000,2025-03-29 12:00:00,117.71042068
1743253200000,2025-03-29 13:00:00,21.584595909999997
1743256800000,2025-03-29 14:00:00,8.961789840000002
1743260400000,2025-03-29 15:00:00,7.00866159
1743264000000,2025-03-29 16:00:00,153.81804733
1743267600000,2025-03-29 17:00:00,65.72598455
1743271200000,2025-03-29 18:00:00,-162.6497625
1743274800000,2025-03-29 19:00:00,17.51614892
1743278400000,2025-03-29 20:00:00,-14.17225499
1743282000000,2025-03-29 21:00:00,9.53620836
1743285600000,2025-03-29 22:00:00,30.44523704
1743289200000,2025-03-29 23:00:00,9.21622658
1743292800000,2025-03-30 00:00:00,25.42064455
1743296400000,2025-03-30 01:00:00,23.607541840000003
1743300000000,2025-03-30 02:00:00,-3.1347091700000007
1743303600000,2025-03-30 03:00:00,98.86247768
1743307200000,2025-03-30 04:00:00,-7.07767265
1743310800000,2025-03-30 05:00:00,24.96826419
1743314400000,2025-03-30 06:00:00,-0.5352166999999994
1743318000000,2025-03-30 07:00:00,-51.160244770000006
1743321600000,2025-03-30 08:00:00,-7.1411327799999995
1743325200000,2025-03-30 09:00:00,-14.88407109
1743328800000,2025-03-30 10:00:00,133.5428623
1743332400000,2025-03-30 11:00:00,24.344593310000004
1743336000000,2025-03-30 12:00:00,-1.91332728
1743339600000,2025-03-30 13:00:00,101.00451494
1743343200000,2025-03-30 14:00:00,63.536319
1743346800000,2025-03-30 15:00:00,31.597120310000008
1743350400000,2025-03-30 16:00:00,18.18958715
1743354000000,2025-03-30 17:00:00,10.18287067
1743357600000,2025-03-30 18:00:00,-100.41527726
1743361200000,2025-03-30 19:00:00,-112.85632995
1743364800000,2025-03-30 20:00:00,77.85386974
1743368400000,2025-03-30 21:00:00,-85.40458715
1743372000000,2025-03-30 22:00:00,29.51962828
1743375600000,2025-03-30 23:00:00,51.91185516
1743379200000,2025-03-31 00:00:00,71.1461897
1743382800000,2025-03-31 01:00:00,55.89018457
1743386400000,2025-03-31 02:00:00,81.73497944
1743390000000,2025-03-31 03:00:00,20.88100586
1743393600000,2025-03-31 04:00:00,148.06789958000002
1743397200000,2025-03-31 05:00:00,54.71386335
1743400800000,2025-03-31 06:00:00,27.934136679999995
1743404400000,2025-03-31 07:00:00,100.55113977
1743408000000,2025-03-31 08:00:00,8.409227549999997
1743411600000,2025-03-31 09:00:00,5.1758860900000006
1743415200000,2025-03-31 10:00:00,32.870279460000006
1743418800000,2025-03-31 11:00:00,18.319898669999997
1743422400000,2025-03-31 12:00:00,-10.57260848
1743426000000,2025-03-31 13:00:00,164.32880569
1743429600000,2025-03-31 14:00:00,77.27350846
1743433200000,2025-03-31 15:00:00,39.744850959999994
1743436800000,2025-03-31 16:00:00,17.593552459999998
1743440400000,2025-03-31 17:00:00,35.17253013
1743444000000,2025-03-31 18:00:00,17.462134399999997
1743447600000,2025-03-31 19:00:00,21.310240630000003
1743451200000,2025-03-31 20:00:00,-6.781759910000001
1743454800000,2025-03-31 21:00:00,5.45728397
1743458400000,2025-03-31 22:00:00,62.405473349999994
1743462000000,2025-03-31 23:00:00,1.37524492
1743465600000,2025-04-01 00:00:00,-7.728559579999999
1743469200000,2025-04-01 01:00:00,7.93686247
1743472800000,2025-04-01 02:00:00,-50.97187844
1743476400000,2025-04-01 03:00:00,-4.500392510000005
1743480000000,2025-04-01 04:00:00,40.393363949999994
1743483600000,2025-04-01 05:00:00,-8.279167580000003
1743487200000,2025-04-01 06:00:00,-6.6337274000000015
1743490800000,2025-04-01 07:00:00,24.45248996000001
1743494400000,2025-04-01 08:00:00,-55.99741004
1743498000000,2025-04-01 09:00:00,7.127868330000002
1743501600000,2025-04-01 10:00:00,-73.12693498000002
1743505200000,2025-04-01 11:00:00,-49.56511644
1743508800000,2025-04-01 12:00:00,-52.47080966
1743512400000,2025-04-01 13:00:00,-28.49888576
1743516000000,2025-04-01 14:00:00,-60.36804502999999
1743519600000,2025-04-01 15:00:00,-4.3815295899999995
1743523200000,2025-04-01 16:00:00,7.518592439999992
1743526800000,2025-04-01 17:00:00,-7.924451689999998
1743530400000,2025-04-01 18:00:00,-200.54418046
1743534000000,2025-04-01 19:00:00,26.78691449
1743537600000,2025-04-01 20:00:00,-26.009997919999996
1743541200000,2025-04-01 21:00:00,-9.7475327
1743544800000,2025-04-01 22:00:00,9.01105539
1743548400000,2025-04-01 23:00:00,-5.351559169999998
1743552000000,2025-04-02 00:00:00,16.02641857
1743555600000,2025-04-02 01:00:00,83.34666976
1743559200000,2025-04-02 02:00:00,10.506032560000008
1743562800000,2025-04-02 03:00:00,-4.147806320000001
1743566400000,2025-04-02 04:00:00,-40.21645542
1743570000000,2025-04-02 05:00:00,17.97352247
1743573600000,2025-04-02 06:00:00,4.55996529
1743577200000,2025-04-02 07:00:00,45.80713370999999
1743580800000,2025-04-02 08:00:00,131.69932219
1743584400000,2025-04-02 09:00:00,6.557063629999998
1743588000000,2025-04-02 10:00:00,-17.874182429999998
1743591600000,2025-04-02 11:00:00,9.62027643
1743595200000,2025-04-02 12:00:00,-9.528648
1743598800000,2025-04-02 13:00:00,204.22882442999995
1743602400000,2025-04-02 14:00:00,-22.0414811
1743606000000,2025-04-02 15:00:00,-156.18864864
1743609600000,2025-04-02 16:00:00,-195.58888707
1743613200000,2025-04-02 17:00:00,51.67304668
1743616800000,2025-04-02 18:00:00,-37.34287432
1743620400000,2025-04-02 19:00:00,-34.699441410000006
1743624000000,2025-04-02 20:00:00,-53.397141180000006
1743627600000,2025-04-02 21:00:00,-19.02738025
1743631200000,2025-04-02 22:00:00,-81.55902793000001
1743634800000,2025-04-02 23:00:00,-16.41851442
1743638400000,2025-04-03 00:00:00,8.323002899999999
1743642000000,2025-04-03 01:00:00,79.20364181
1743645600000,2025-04-03 02:00:00,12.3107504
1743649200000,2025-04-03 03:00:00,-18.46441757
1743652800000,2025-04-03 04:00:00,-23.12192622
1743656400000,2025-04-03 05:00:00,-39.87440812
1743660000000,2025-04-03 06:00:00,53.54934262
1743663600000,2025-04-03 07:00:00,76.70519605
1743667200000,2025-04-03 08:00:00,-10.947530250000003
1743670800000,2025-04-03 09:00:00,-444.60716033
1743674400000,2025-04-03 10:00:00,-7.454487090000001
1743678000000,2025-04-03 11:00:00,30.042837940000005
1743681600000,2025-04-03 12:00:00,-31.01901572
1743685200000,2025-04-03 13:00:00,-13.1515981
1743688800000,2025-04-03 14:00:00,180.4764604
1743692400000,2025-04-03 15:00:00,32.60942413
1743696000000,2025-04-03 16:00:00,-97.52418273
1743699600000,2025-04-03 17:00:00,7.486805759999996
1743703200000,2025-04-03 18:00:00,96.96478842
1743706800000,2025-04-03 19:00:00,42.4667401
1743710400000,2025-04-03 20:00:00,-29.305516399999995
1743714000000,2025-04-03 21:00:00,16.43764348
1743717600000,2025-04-03 22:00:00,-1.7649814
1743721200000,2025-04-03 23:00:00,-19.106730619999997
1743724800000,2025-04-04 00:00:00,-40.97682673
1743728400000,2025-04-04 01:00:00,15.67081521
1743732000000,2025-04-04 02:00:00,-15.15445907
1743735600000,2025-04-04 03:00:00,59.91828826999999
1743739200000,2025-04-04 04:00:00,0.8286226800000005
1743742800000,2025-04-04 05:00:00,8.578533030000001
1743746400000,2025-04-04 06:00:00,3.853949730000003
1743750000000,2025-04-04 07:00:00,3.4811369600000006
1743753600000,2025-04-04 08:00:00,70.99849623
1743757200000,2025-04-04 09:00:00,7.453307499999994
1743760800000,2025-04-04 10:00:00,123.31644669
1743764400000,2025-04-04 11:00:00,105.19593235
1743768000000,2025-04-04 12:00:00,4.775648710000013
1743771600000,2025-04-04 13:00:00,14.50139459
1743775200000,2025-04-04 14:00:00,65.08967239
1743778800000,2025-04-04 15:00:00,78.93891416999999
1743782400000,2025-04-04 16:00:00,-12.99033617
1743786000000,2025-04-04 17:00:00,-77.88229654
1743789600000,2025-04-04 18:00:00,52.895282140000006
1743793200000,2025-04-04 19:00:00,31.54150497
1743796800000,2025-04-04 20:00:00,7.101651
1743800400000,2025-04-04 21:00:00,2.51559941
1743804000000,2025-04-04 22:00:00,-128.16966804999998
1743807600000,2025-04-04 23:00:00,32.217587280000004
1743811200000,2025-04-05 00:00:00,-23.08740171
1743814800000,2025-04-05 01:00:00,-23.09156945
1743818400000,2025-04-05 02:00:00,0.30760523
1743822000000,2025-04-05 03:00:00,-8.270071719999997
1743825600000,2025-04-05 04:00:00,229.11003393
1743829200000,2025-04-05 05:00:00,9.94826542
1743832800000,2025-04-05 06:00:00,-29.623059149999996
1743836400000,2025-04-05 07:00:00,22.3663428
1743840000000,2025-04-05 08:00:00,-0.02790036000000029
1743843600000,2025-04-05 09:00:00,-107.6127922
1743847200000,2025-04-05 10:00:00,17.85255334
1743850800000,2025-04-05 11:00:00,48.560107810000005
1743854400000,2025-04-05 12:00:00,88.13602784
1743858000000,2025-04-05 13:00:00,70.00431793
1743861600000,2025-04-05 14:00:00,22.39568176
1743865200000,2025-04-05 15:00:00,30.223440869999997
1743868800000,2025-04-05 16:00:00,-11.85642512
1743872400000,2025-04-05 17:00:00,32.52859666
1743876000000,2025-04-05 18:00:00,0.37436617000000005
1743879600000,2025-04-05 19:00:00,21.23565895
1743883200000,2025-04-05 20:00:00,-2.0488218699999994
1743886800000,2025-04-05 21:00:00,6.65527473
1743890400000,2025-04-05 22:00:00,250.19734395
1743894000000,2025-04-05 23:00:00,13.39405718
1743897600000,2025-04-06 00:00:00,1.09239955
1743901200000,2025-04-06 01:00:00,-2.04929862
1743904800000,2025-04-06 02:00:00,-20.85667234
1743908400000,2025-04-06 03:00:00,42.587283199999995
1743912000000,2025-04-06 04:00:00,-0.8914985299999998
1743915600000,2025-04-06 05:00:00,5.07921496
1743919200000,2025-04-06 06:00:00,0.2065100599999999
1743922800000,2025-04-06 07:00:00,-22.864174619999996
1743926400000,2025-04-06 08:00:00,-20.89641436
1743930000000,2025-04-06 09:00:00,-8.05776029
1743933600000,2025-04-06 10:00:00,-34.846600710000004
1743937200000,2025-04-06 11:00:00,49.64905103999999
1743940800000,2025-04-06 12:00:00,1.4977724800000018
1743944400000,2025-04-06 13:00:00,39.481485629999995
1743948000000,2025-04-06 14:00:00,-53.62063572
1743951600000,2025-04-06 15:00:00,-115.70348487
1743955200000,2025-04-06 16:00:00,160.46496543
1743958800000,2025-04-06 17:00:00,-29.073787190000004
1743962400000,2025-04-06 18:00:00,293.91726582
1743966000000,2025-04-06 19:00:00,-23.41066846
1743969600000,2025-04-06 20:00:00,-18.84955413
1743973200000,2025-04-06 21:00:00,58.029629930000006
1743976800000,2025-04-06 22:00:00,1.2984732400000016
1743980400000,2025-04-06 23:00:00,90.95117875
1743984000000,2025-04-07 00:00:00,-21.31749513
1743987600000,2025-04-07 01:00:00,39.75210319
1743991200000,2025-04-07 02:00:00,-128.11934051999998
1743994800000,2025-04-07 03:00:00,40.3850312
1743998400000,2025-04-07 04:00:00,102.31076905
1744002000000,2025-04-07 05:00:00,2.22235231
1744005600000,2025-04-07 06:00:00,229.55798761
1744009200000,2025-04-07 07:00:00,34.15183563000001
1744012800000,2025-04-07 08:00:00,109.64928459
1744016400000,2025-04-07 09:00:00,223.6695872
1744020000000,2025-04-07 10:00:00,75.75391886
1744023600000,2025-04-07 11:00:00,22.96809479
1744027200000,2025-04-07 12:00:00,392.15895038
1744030800000,2025-04-07 13:00:00,-120.30468628
1744034400000,2025-04-07 14:00:00,-74.57288730999998
1744038000000,2025-04-07 15:00:00,105.02056507
1744041600000,2025-04-07 16:00:00,-32.80639296
1744045200000,2025-04-07 17:00:00,0.2142576799999958
1744048800000,2025-04-07 18:00:00,51.64063726
1744052400000,2025-04-07 19:00:00,-85.25646253000001
1744056000000,2025-04-07 20:00:00,-17.11510998
1744059600000,2025-04-07 21:00:00,-103.22095487
1744063200000,2025-04-07 22:00:00,-4.49812618
1744066800000,2025-04-07 23:00:00,-42.50104246
1744070400000,2025-04-08 00:00:00,20.0387262
1744074000000,2025-04-08 01:00:00,0.5026417300000006
1744077600000,2025-04-08 02:00:00,18.023910079999997
1744081200000,2025-04-08 03:00:00,26.72355221
1744084800000,2025-04-08 04:00:00,0.9867122700000124
1744088400000,2025-04-08 05:00:00,54.67391744
1744092000000,2025-04-08 06:00:00,-2.982117670000001
1744095600000,2025-04-08 07:00:00,13.61252093
1744099200000,2025-04-08 08:00:00,-68.49269373999999
1744102800000,2025-04-08 09:00:00,-17.81109998
1744106400000,2025-04-08 10:00:00,25.50110195
1744110000000,2025-04-08 11:00:00,31.81805009
1744113600000,2025-04-08 12:00:00,116.47883949
1744117200000,2025-04-08 13:00:00,9.935936059999996
1744120800000,2025-04-08 14:00:00,53.20963548
1744124400000,2025-04-08 15:00:00,124.98640814
1744128000000,2025-04-08 16:00:00,47.566459679999994
1744131600000,2025-04-08 17:00:00,63.39864312
1744135200000,2025-04-08 18:00:00,48.32221071
1744138800000,2025-04-08 19:00:00,74.77461691
1744142400000,2025-04-08 20:00:00,-10.419780360000004
1744146000000,2025-04-08 21:00:00,1.7697077400000012
1744149600000,2025-04-08 22:00:00,32.52422633
1744153200000,2025-04-08 23:00:00,14.92566262
1744156800000,2025-04-09 00:00:00,37.27069509
1744160400000,2025-04-09 01:00:00,134.38796172000002
1744164000000,2025-04-09 02:00:00,25.436276920000005
1744167600000,2025-04-09 03:00:00,34.82576894
1744171200000,2025-04-09 04:00:00,13.780247680000002
1744174800000,2025-04-09 05:00:00,35.38663106
1744178400000,2025-04-09 06:00:00,39.08383067
1744182000000,2025-04-09 07:00:00,-346.3178371
1744185600000,2025-04-09 08:00:00,15.62020167
1744189200000,2025-04-09 09:00:00,-40.64755995
1744192800000,2025-04-09 10:00:00,-34.80738292
1744196400000,2025-04-09 11:00:00,19.38441515
1744200000000,2025-04-09 12:00:00,24.67504097
1744203600000,2025-04-09 13:00:00,36.47216238000001
1744207200000,2025-04-09 14:00:00,-5.466729000000001
1744210800000,2025-04-09 15:00:00,92.63177914
1744214400000,2025-04-09 16:00:00,-37.178143379999995
1744218000000,2025-04-09 17:00:00,25.162510119999993
1744221600000,2025-04-09 18:00:00,166.94934855
1744225200000,2025-04-09 19:00:00,-42.28529229
1744228800000,2025-04-09 20:00:00,201.42495556
1744232400000,2025-04-09 21:00:00,-115.77270747
1744236000000,2025-04-09 22:00:00,-268.02859979000004
1744239600000,2025-04-09 23:00:00,-117.26159976
1744243200000,2025-04-10 00:00:00,11.035361859999998
1744246800000,2025-04-10 01:00:00,147.68344562
1744250400000,2025-04-10 02:00:00,-29.2082519
1744254000000,2025-04-10 03:00:00,49.742959240000005
1744257600000,2025-04-10 04:00:00,1.2222935899999996
1744261200000,2025-04-10 05:00:00,-99.22209983
1744264800000,2025-04-10 06:00:00,18.516367039999995
1744268400000,2025-04-10 07:00:00,0.42346138999999994
1744272000000,2025-04-10 08:00:00,-36.30370526
1744275600000,2025-04-10 09:00:00,68.71979101999999
1744279200000,2025-04-10 10:00:00,1325.48359735
1744282800000,2025-04-10 11:00:00,24.120516790000003
1744286400000,2025-04-10 12:00:00,-40.03367468
1744290000000,2025-04-10 13:00:00,-30.681431420000003
1744293600000,2025-04-10 14:00:00,35.927178690000005
1744297200000,2025-04-10 15:00:00,-154.14633282
1744300800000,2025-04-10 16:00:00,-34.14346193
1744304400000,2025-04-10 17:00:00,-57.52300469000001
1744308000000,2025-04-10 18:00:00,-25.615527439999997
1744311600000,2025-04-10 19:00:00,12.9465716
1744315200000,2025-04-10 20:00:00,-86.44606877000001
1744318800000,2025-04-10 21:00:00,-44.99586235
1744322400000,2025-04-10 22:00:00,20.82323565
1744326000000,2025-04-10 23:00:00,1.19474801
1744329600000,2025-04-11 00:00:00,179.6437177
1744333200000,2025-04-11 01:00:00,-70.04691199999999
1744336800000,2025-04-11 02:00:00,-35.697534520000005
1744340400000,2025-04-11 03:00:00,-33.97445949
1744344000000,2025-04-11 04:00:00,-22.14493626
1744347600000,2025-04-11 05:00:00,18.92268728
1744351200000,2025-04-11 06:00:00,70.72892063
1744354800000,2025-04-11 07:00:00,24.65464024
1744358400000,2025-04-11 08:00:00,-275.00136191999997
1744362000000,2025-04-11 09:00:00,-17.98067467
1744365600000,2025-04-11 10:00:00,-58.96834145
1744369200000,2025-04-11 11:00:00,-35.52981621
