start_time,datetime,reserve,reserve_usd
1740772800000,2025-02-28 20:00:00,130956.43472954,11037607284.990528
1740776400000,2025-02-28 21:00:00,130958.08801964,11052481437.339706
1740780000000,2025-02-28 22:00:00,130961.03433845,11026167187.490976
1740783600000,2025-02-28 23:00:00,130865.32308939,11053022961.490507
1740787200000,2025-03-01 00:00:00,130818.18036482,10980999578.643871
1740790800000,2025-03-01 01:00:00,130976.2602274,11075585972.784033
1740794400000,2025-03-01 02:00:00,130928.54664076,11180986201.99274
1740798000000,2025-03-01 03:00:00,130986.89336995,11191281937.391285
1740801600000,2025-03-01 04:00:00,130993.6755809,11267685156.032066
1740805200000,2025-03-01 05:00:00,130932.92998695,11235623724.625916
1740808800000,2025-03-01 06:00:00,130677.23057453,11138889344.734076
1740812400000,2025-03-01 07:00:00,130560.12470141,11074253092.582493
1740816000000,2025-03-01 08:00:00,130330.97267783,11114056509.16928
1740819600000,2025-03-01 09:00:00,130312.84657679,11123541033.4304
1740823200000,2025-03-01 10:00:00,130153.37072653,11064018977.96209
1740826800000,2025-03-01 11:00:00,130094.28463016,11036317763.981228
1740830400000,2025-03-01 12:00:00,130070.09963212,11041253629.57776
1740834000000,2025-03-01 13:00:00,129986.16507691,10978513956.74775
1740837600000,2025-03-01 14:00:00,129931.80499165,11022646338.233624
1740841200000,2025-03-01 15:00:00,129893.61247179,11009844426.832882
1740844800000,2025-03-01 16:00:00,129826.14356282,11048608348.027924
1740848400000,2025-03-01 17:00:00,129733.6285517,11071617564.759876
1740852000000,2025-03-01 18:00:00,129756.76933937,11064768187.939442
1740855600000,2025-03-01 19:00:00,129754.32710147,11084459243.641447
1740859200000,2025-03-01 20:00:00,129730.24505848,11108667196.89254
1740862800000,2025-03-01 21:00:00,129733.0508198,11174014962.655212
1740866400000,2025-03-01 22:00:00,129749.13980077,11171526591.409454
1740870000000,2025-03-01 23:00:00,129728.31142083,11189791332.84166
1740873600000,2025-03-02 00:00:00,129656.9846041,11200579490.041891
1740877200000,2025-03-02 01:00:00,129700.1398592,11183085688.69422
1740880800000,2025-03-02 02:00:00,129661.84213601,11132731447.42009
1740884400000,2025-03-02 03:00:00,129690.46995954,11148470145.235262
1740888000000,2025-03-02 04:00:00,129403.5076608,11118379971.51888
1740891600000,2025-03-02 05:00:00,129377.90827384,11140758554.99463
1740895200000,2025-03-02 06:00:00,129312.44270652,11191825220.842796
1740898800000,2025-03-02 07:00:00,129305.44940764,11177176225.44488
1740902400000,2025-03-02 08:00:00,129190.87900098,11110238862.403578
1740906000000,2025-03-02 09:00:00,129069.3573495,11119565295.37533
1740909600000,2025-03-02 10:00:00,129085.04659435,11119078095.924906
1740913200000,2025-03-02 11:00:00,129094.11636763,11120998222.73507
1740916800000,2025-03-02 12:00:00,129040.92932724,11119364847.386456
1740920400000,2025-03-02 13:00:00,129097.69483155,11083710592.485718
1740924000000,2025-03-02 14:00:00,129129.47801647,10991812953.932009
1740927600000,2025-03-02 15:00:00,129053.87933112,11102106586.518951
1740931200000,2025-03-02 16:00:00,128860.24773194,11794340552.7539
1740934800000,2025-03-02 17:00:00,128950.08096962,12131091669.972828
1740938400000,2025-03-02 18:00:00,128840.25200043,11907240070.54351
1740942000000,2025-03-02 19:00:00,129006.88847309,12073407447.757992
1740945600000,2025-03-02 20:00:00,128978.77303533,12144054663.369194
1740949200000,2025-03-02 21:00:00,128933.27209937,12102538320.38128
1740952800000,2025-03-02 22:00:00,128864.33465712,12178940071.610994
1740956400000,2025-03-02 23:00:00,128791.91729284,12111465215.357616
1740960000000,2025-03-03 00:00:00,128907.73571391,12058248169.204935
1740963600000,2025-03-03 01:00:00,128836.58952076,11953667655.754484
1740967200000,2025-03-03 02:00:00,128806.41729351,11925891838.699389
1740970800000,2025-03-03 03:00:00,128842.37362364,11955031181.255058
1740974400000,2025-03-03 04:00:00,128814.20253859,11949923810.796177
1740978000000,2025-03-03 05:00:00,128838.90306626,12007046066.644148
1740981600000,2025-03-03 06:00:00,128820.88343381,11817573161.916077
1740985200000,2025-03-03 07:00:00,129004.04236192,11919729085.62917
1740988800000,2025-03-03 08:00:00,129039.46434074,11781928513.708693
1740992400000,2025-03-03 09:00:00,129037.03268979,11824921867.957989
1740996000000,2025-03-03 10:00:00,128996.46252559,11926995837.74928
1740999600000,2025-03-03 11:00:00,128878.84371897,11929249207.71901
1741003200000,2025-03-03 12:00:00,128804.92723301,11991343741.67698
1741006800000,2025-03-03 13:00:00,128733.29708686,12063130781.70863
1741010400000,2025-03-03 14:00:00,128357.24021053,11700020920.173212
1741014000000,2025-03-03 15:00:00,128138.89130606,11602909598.702995
1741017600000,2025-03-03 16:00:00,128088.55005788,11527956628.23286
1741021200000,2025-03-03 17:00:00,128015.10282768,11575619054.025206
1741024800000,2025-03-03 18:00:00,127905.23955494,11164960376.464333
1741028400000,2025-03-03 19:00:00,127861.50513953,11002477251.666609
1741032000000,2025-03-03 20:00:00,127659.46918466,10943693732.00427
1741035600000,2025-03-03 21:00:00,127898.45856039,10965517295.334358
1741039200000,2025-03-03 22:00:00,127741.19841732,11041083175.63756
1741042800000,2025-03-03 23:00:00,127626.55060107,11054378498.613434
1741046400000,2025-03-04 00:00:00,127623.90411761,11030567608.240437
1741050000000,2025-03-04 01:00:00,127742.36225417,10666693913.780697
1741053600000,2025-03-04 02:00:00,127642.75346,10688285538.914038
1741057200000,2025-03-04 03:00:00,127513.78676047,10670234934.764015
1741060800000,2025-03-04 04:00:00,127501.35082051,10658889564.676168
1741064400000,2025-03-04 05:00:00,127467.33478233,10740040715.357582
1741068000000,2025-03-04 06:00:00,127404.02798059,10664147739.5547
1741071600000,2025-03-04 07:00:00,127400.67170329,10642963392.124931
1741075200000,2025-03-04 08:00:00,127368.91675357,10640540114.847458
1741078800000,2025-03-04 09:00:00,127456.00078805,10681913927.922804
1741082400000,2025-03-04 10:00:00,127449.53031389,10711182161.522606
1741086000000,2025-03-04 11:00:00,127398.15292375,10690456165.79206
1741089600000,2025-03-04 12:00:00,127425.87396675,10676426303.198893
1741093200000,2025-03-04 13:00:00,127558.26858209,10581674724.994522
1741096800000,2025-03-04 14:00:00,127508.05580148,10675143882.115324
1741100400000,2025-03-04 15:00:00,127397.9178054,10543343820.021074
1741104000000,2025-03-04 16:00:00,127350.56291725,10594322592.705715
1741107600000,2025-03-04 17:00:00,127255.25455695,10853594292.175484
1741111200000,2025-03-04 18:00:00,127190.28826819,10940603590.318611
1741114800000,2025-03-04 19:00:00,127080.27678236,11224784454.051702
1741118400000,2025-03-04 20:00:00,127025.13160977,11115459776.92354
1741122000000,2025-03-04 21:00:00,126911.98963665,11264368482.133926
1741125600000,2025-03-04 22:00:00,126835.81804494,11129173856.004398
1741129200000,2025-03-04 23:00:00,126836.70908299,11072824225.650473
1741132800000,2025-03-05 00:00:00,126789.66721007,10995189782.53572
1741136400000,2025-03-05 01:00:00,126850.13662991,11131303911.633846
1741140000000,2025-03-05 02:00:00,126835.54373425,11139146994.05462
1741143600000,2025-03-05 03:00:00,126708.84325601,11088914853.656187
1741147200000,2025-03-05 04:00:00,126648.06026778,11007988074.033045
1741150800000,2025-03-05 05:00:00,126624.26766625,11050283093.212831
1741154400000,2025-03-05 06:00:00,126654.27160645,11086112523.157587
1741158000000,2025-03-05 07:00:00,126596.15242632,11100363970.231909
1741161600000,2025-03-05 08:00:00,126655.42852581,11127185149.016191
1741165200000,2025-03-05 09:00:00,126633.97225398,11203938218.410463
1741168800000,2025-03-05 10:00:00,126672.5098324,11397162403.94152
1741172400000,2025-03-05 11:00:00,126630.26501062,11381120231.528658
1741176000000,2025-03-05 12:00:00,126713.27431869,11466659147.651836
1741179600000,2025-03-05 13:00:00,126672.47326638,11325552313.691689
1741183200000,2025-03-05 14:00:00,126659.9013074,11254850967.29785
1741186800000,2025-03-05 15:00:00,126634.12892213,11195398127.594696
1741190400000,2025-03-05 16:00:00,126625.32620276,11200426516.5684
1741194000000,2025-03-05 17:00:00,126602.75301774,11325840039.360264
1741197600000,2025-03-05 18:00:00,126513.76625044,11310609034.225098
1741201200000,2025-03-05 19:00:00,126444.8076388,11365938709.12246
1741204800000,2025-03-05 20:00:00,126459.4986296,11391019072.126282
1741208400000,2025-03-05 21:00:00,126430.91918587,11409470692.1934
1741212000000,2025-03-05 22:00:00,126403.22472405,11396597473.753803
1741215600000,2025-03-05 23:00:00,126393.9258312,11463072377.722116
1741219200000,2025-03-06 00:00:00,126306.0747337,11381085405.24964
1741222800000,2025-03-06 01:00:00,126322.68970272,11516037320.193336
1741226400000,2025-03-06 02:00:00,126319.30370805,11598591869.52418
1741230000000,2025-03-06 03:00:00,126418.95496612,11558917054.933617
1741233600000,2025-03-06 04:00:00,126457.71259031,11655044586.861534
1741237200000,2025-03-06 05:00:00,126462.152283,11710264911.05832
1741240800000,2025-03-06 06:00:00,126474.1085945,11629632045.968952
1741244400000,2025-03-06 07:00:00,126447.22456976,11551829190.531118
1741248000000,2025-03-06 08:00:00,126409.27659235,11555020898.225046
1741251600000,2025-03-06 09:00:00,126595.93063102,11482598259.30337
1741255200000,2025-03-06 10:00:00,126616.34994102,11563719878.803476
1741258800000,2025-03-06 11:00:00,126589.1702169,11567337226.468697
1741262400000,2025-03-06 12:00:00,126599.1313714,11438293700.9355
1741266000000,2025-03-06 13:00:00,126501.67959527,11397841214.278755
1741269600000,2025-03-06 14:00:00,126594.74404027,11383837154.40754
1741273200000,2025-03-06 15:00:00,126549.83163124,11492548922.557392
1741276800000,2025-03-06 16:00:00,126581.61035623,11313433899.624418
1741280400000,2025-03-06 17:00:00,126543.38199061,11159332183.413576
1741284000000,2025-03-06 18:00:00,126557.28875404,11203954559.11045
1741287600000,2025-03-06 19:00:00,126549.29894052,11313860494.89111
1741291200000,2025-03-06 20:00:00,126500.52679364,11286297975.310452
1741294800000,2025-03-06 21:00:00,126504.93435127,11326467958.544146
1741298400000,2025-03-06 22:00:00,126448.50272596,11444886363.980604
1741302000000,2025-03-06 23:00:00,126398.71300741,11369299419.142056
1741305600000,2025-03-07 00:00:00,126376.97555721,10820799089.612947
1741309200000,2025-03-07 01:00:00,126328.69356721,11022017210.38453
1741312800000,2025-03-07 02:00:00,126352.43218416,11050448964.743664
1741316400000,2025-03-07 03:00:00,126340.25652614,11055098871.35551
1741320000000,2025-03-07 04:00:00,126178.16439029,11073999145.362743
1741323600000,2025-03-07 05:00:00,126247.69880527,11149382887.98829
1741327200000,2025-03-07 06:00:00,126252.22457741,11145679070.960297
1741330800000,2025-03-07 07:00:00,126161.69703443,11140181408.135714
1741334400000,2025-03-07 08:00:00,126102.72523312,11156768087.044098
1741338000000,2025-03-07 09:00:00,126075.97365807,11227374090.701956
1741341600000,2025-03-07 10:00:00,126049.04931819,11246438133.616796
1741345200000,2025-03-07 11:00:00,126051.23988543,11226656231.108744
1741348800000,2025-03-07 12:00:00,126049.08908119,11200665829.366364
1741352400000,2025-03-07 13:00:00,126205.90985357,11269029889.956944
1741356000000,2025-03-07 14:00:00,126251.46736355,11427775020.718672
1741359600000,2025-03-07 15:00:00,126196.32288161,11170730844.983286
1741363200000,2025-03-07 16:00:00,126013.54258687,10948575643.720465
1741366800000,2025-03-07 17:00:00,126141.95124046,11158064668.366852
1741370400000,2025-03-07 18:00:00,126102.23921742,11127454502.203384
1741374000000,2025-03-07 19:00:00,126086.64598445,11067821509.995018
1741377600000,2025-03-07 20:00:00,126207.09234243,11157982413.377213
1741381200000,2025-03-07 21:00:00,126252.99289847,10917900285.415451
1741384800000,2025-03-07 22:00:00,126483.39106754,10995685777.726583
1741388400000,2025-03-07 23:00:00,126451.74998489,10982142502.402723
1741392000000,2025-03-08 00:00:00,126448.49881619,10970722120.90022
1741395600000,2025-03-08 01:00:00,126342.20588484,10883520420.065744
1741399200000,2025-03-08 02:00:00,126341.82119405,10881776045.071836
1741402800000,2025-03-08 03:00:00,126310.83002013,10876816777.330605
1741406400000,2025-03-08 04:00:00,126230.06277836,10911933129.36747
1741410000000,2025-03-08 05:00:00,126185.3612426,10902378955.35488
1741413600000,2025-03-08 06:00:00,126199.57024726,10925820327.347538
1741417200000,2025-03-08 07:00:00,126188.25841723,10922512795.978104
1741420800000,2025-03-08 08:00:00,126266.23408998,10878520955.55506
1741424400000,2025-03-08 09:00:00,126226.29627548,10860592799.092892
1741428000000,2025-03-08 10:00:00,126227.30638649,10897297019.398884
1741431600000,2025-03-08 11:00:00,126210.04082412,10832339674.204817
1741435200000,2025-03-08 12:00:00,126229.66506578,10869589496.784151
1741438800000,2025-03-08 13:00:00,126138.36760957,10916800172.839487
1741442400000,2025-03-08 14:00:00,126125.40611332,10889735513.576324
1741446000000,2025-03-08 15:00:00,126100.05937737,10893374886.300436
1741449600000,2025-03-08 16:00:00,126089.9011627,10887228105.482944
1741453200000,2025-03-08 17:00:00,126072.39790716,10845354163.043983
1741456800000,2025-03-08 18:00:00,126061.29264603,10860766285.239555
1741460400000,2025-03-08 19:00:00,126059.7804121,10899841291.23428
1741464000000,2025-03-08 20:00:00,126045.13590895,10881313921.021795
1741467600000,2025-03-08 21:00:00,126076.45887658,10868678707.085749
1741471200000,2025-03-08 22:00:00,126083.33304785,10869794786.5816
1741474800000,2025-03-08 23:00:00,126071.29947797,10893016502.466543
1741478400000,2025-03-09 00:00:00,126073.03281288,10869985704.339046
1741482000000,2025-03-09 01:00:00,126084.97037829,10877647544.872936
1741485600000,2025-03-09 02:00:00,126113.60692739,10857351477.77437
1741489200000,2025-03-09 03:00:00,126111.54418552,10891385241.228004
1741492800000,2025-03-09 04:00:00,126118.37349821,10856770671.891684
1741496400000,2025-03-09 05:00:00,126118.28848602,10848822515.03409
1741500000000,2025-03-09 06:00:00,126117.40544373,10871442128.254057
1741503600000,2025-03-09 07:00:00,126084.3266875,10867844541.787071
1741507200000,2025-03-09 08:00:00,126098.67099709,10843547054.396923
1741510800000,2025-03-09 09:00:00,126095.10209235,10839016161.284494
1741514400000,2025-03-09 10:00:00,126095.56997095,10705148926.766426
1741518000000,2025-03-09 11:00:00,126083.3234034,10724236929.88524
1741521600000,2025-03-09 12:00:00,126087.15078513,10688012598.280146
1741525200000,2025-03-09 13:00:00,126080.49484495,10659382796.991554
1741528800000,2025-03-09 14:00:00,125895.31008234,10507555721.457354
1741532400000,2025-03-09 15:00:00,125848.10099075,10456626226.026447
1741536000000,2025-03-09 16:00:00,125895.22948154,10385526820.686384
1741539600000,2025-03-09 17:00:00,125939.87294058,10417433463.144924
1741543200000,2025-03-09 18:00:00,125933.67568721,10440203877.903854
1741546800000,2025-03-09 19:00:00,125885.81498719,10414549369.415297
1741550400000,2025-03-09 20:00:00,125883.07217996,10489901516.071957
1741554000000,2025-03-09 21:00:00,125863.97758274,10310319798.88638
1741557600000,2025-03-09 22:00:00,125913.34832001,10159574434.607817
1741561200000,2025-03-09 23:00:00,126018.23715411,10171484532.31421
1741564800000,2025-03-10 00:00:00,126093.55421189,10264257538.98664
1741568400000,2025-03-10 01:00:00,126114.85011063,10228433913.10823
1741572000000,2025-03-10 02:00:00,126336.31726166,10413742301.356552
1741575600000,2025-03-10 03:00:00,126447.96700492,10386773313.098366
1741579200000,2025-03-10 04:00:00,126512.09415681,10427039785.54912
1741582800000,2025-03-10 05:00:00,126565.50324923,10434691263.133406
1741586400000,2025-03-10 06:00:00,126341.24788908,10396297762.28139
1741590000000,2025-03-10 07:00:00,126394.00058049,10407027284.274498
1741593600000,2025-03-10 08:00:00,126457.64170599,10299432733.4472
1741597200000,2025-03-10 09:00:00,126474.59830634,10464336044.940195
1741600800000,2025-03-10 10:00:00,126509.79271992,10413656206.542265
1741604400000,2025-03-10 11:00:00,126552.78556308,10444909554.604784
1741608000000,2025-03-10 12:00:00,127190.32219707,10594023612.99833
1741611600000,2025-03-10 13:00:00,127192.75733854,10539580377.266356
1741615200000,2025-03-10 14:00:00,127327.54627637,10119368945.919086
1741618800000,2025-03-10 15:00:00,127273.00611097,10239480951.937103
1741622400000,2025-03-10 16:00:00,127198.74467465,10092717896.9568
1741626000000,2025-03-10 17:00:00,127382.13165796,10017445884.733498
1741629600000,2025-03-10 18:00:00,127404.5010478,9966822322.663992
1741633200000,2025-03-10 19:00:00,127424.98867244,10082759781.261131
1741636800000,2025-03-10 20:00:00,127442.88520563,10126159020.939474
1741640400000,2025-03-10 21:00:00,127385.97225363,10137635322.830992
1741644000000,2025-03-10 22:00:00,127416.57971581,10136806620.790424
1741647600000,2025-03-10 23:00:00,127440.9645975,10035915754.03752
1741651200000,2025-03-11 00:00:00,127465.97391193,9809427004.567623
1741654800000,2025-03-11 01:00:00,127855.08992133,10080133982.258957
1741658400000,2025-03-11 02:00:00,127877.4098975,10152638968.886456
1741662000000,2025-03-11 03:00:00,127907.21234545,10184838258.247454
1741665600000,2025-03-11 04:00:00,127920.47463692,10221333031.368946
1741669200000,2025-03-11 05:00:00,127958.79401924,10278935899.57776
1741672800000,2025-03-11 06:00:00,127998.7679188,10297027361.015495
1741676400000,2025-03-11 07:00:00,127785.65416234,10266986983.70229
1741680000000,2025-03-11 08:00:00,127960.94692775,10380345757.17987
1741683600000,2025-03-11 09:00:00,127994.12363482,10462748136.2233
1741687200000,2025-03-11 10:00:00,128008.70101462,10470722539.621922
1741690800000,2025-03-11 11:00:00,128047.17647068,10488966300.544395
1741694400000,2025-03-11 12:00:00,128307.2080361,10429615672.445934
1741698000000,2025-03-11 13:00:00,128579.18529893,10452720563.91792
1741701600000,2025-03-11 14:00:00,128574.31675971,10323633558.188087
1741705200000,2025-03-11 15:00:00,128627.25434046,10269545471.079536
1741708800000,2025-03-11 16:00:00,128611.00419122,10497733445.364664
1741712400000,2025-03-11 17:00:00,128676.00029599,10470366134.8136
1741716000000,2025-03-11 18:00:00,128648.7250142,10719422456.549265
1741719600000,2025-03-11 19:00:00,128615.53064261,10701865230.259966
1741723200000,2025-03-11 20:00:00,128611.66222143,10664647820.060358
1741726800000,2025-03-11 21:00:00,128388.21942603,10663606395.00952
1741730400000,2025-03-11 22:00:00,128349.70193177,10674185096.56494
1741734000000,2025-03-11 23:00:00,128351.19081378,10629121430.809755
1741737600000,2025-03-12 00:00:00,128345.48187968,10634251604.17367
1741741200000,2025-03-12 01:00:00,128337.88597932,10726489879.725874
1741744800000,2025-03-12 02:00:00,128262.15280538,10581016269.69199
1741748400000,2025-03-12 03:00:00,128269.57590589,10541662073.039524
1741752000000,2025-03-12 04:00:00,128153.218654,10481423361.757378
1741755600000,2025-03-12 05:00:00,128168.94898027,10517859227.428698
1741759200000,2025-03-12 06:00:00,128200.88210218,10423450064.771397
1741762800000,2025-03-12 07:00:00,128272.28397806,10591087979.965117
1741766400000,2025-03-12 08:00:00,128215.39115187,10601984929.29453
1741770000000,2025-03-12 09:00:00,128186.73752012,10574303637.218344
1741773600000,2025-03-12 10:00:00,128305.14886029,10582754430.64683
1741777200000,2025-03-12 11:00:00,128292.41153057,10630547167.127928
1741780800000,2025-03-12 12:00:00,128202.65998087,10719504319.275007
1741784400000,2025-03-12 13:00:00,128155.863922,10645381832.957363
1741788000000,2025-03-12 14:00:00,127930.61777124,10457035680.357552
1741791600000,2025-03-12 15:00:00,127791.93907576,10450583630.939808
1741795200000,2025-03-12 16:00:00,127847.61737358,10469829014.261215
1741798800000,2025-03-12 17:00:00,127852.56448194,10556296660.568096
1741802400000,2025-03-12 18:00:00,127844.66190599,10571237865.453983
1741806000000,2025-03-12 19:00:00,127862.55918571,10549957047.384674
1741809600000,2025-03-12 20:00:00,127868.7930566,10617088593.76812
1741813200000,2025-03-12 21:00:00,127871.41595753,10623322835.508158
1741816800000,2025-03-12 22:00:00,127844.12022236,10680094352.533312
1741820400000,2025-03-12 23:00:00,127843.40294215,10687327550.192314
1741824000000,2025-03-13 00:00:00,127934.82898892,10694701961.901674
1741827600000,2025-03-13 01:00:00,127935.4454131,10725500997.949984
1741831200000,2025-03-13 02:00:00,127943.03503737,10744816425.353027
1741834800000,2025-03-13 03:00:00,127945.75507709,10696061917.110798
1741838400000,2025-03-13 04:00:00,127909.37097562,10650830585.133575
1741842000000,2025-03-13 05:00:00,127898.35889404,10629144901.33217
1741845600000,2025-03-13 06:00:00,127940.55341757,10652473394.551523
1741849200000,2025-03-13 07:00:00,127955.48791239,10677303095.943403
1741852800000,2025-03-13 08:00:00,127997.50705572,10626188962.540327
1741856400000,2025-03-13 09:00:00,128285.40124286,10691552499.418
1741860000000,2025-03-13 10:00:00,128247.49598712,10671163483.509563
1741863600000,2025-03-13 11:00:00,128260.98681616,10630639192.451044
1741867200000,2025-03-13 12:00:00,128279.90107186,10602332452.23732
1741870800000,2025-03-13 13:00:00,128319.92204,10546864924.641403
1741874400000,2025-03-13 14:00:00,128341.29276066,10509252525.64788
1741878000000,2025-03-13 15:00:00,128418.36359172,10454502000.84514
1741881600000,2025-03-13 16:00:00,128482.36255707,10377851176.587128
1741885200000,2025-03-13 17:00:00,128545.24268275,10331898262.990065
1741888800000,2025-03-13 18:00:00,128573.53796074,10369719304.814451
1741892400000,2025-03-13 19:00:00,128609.01011509,10321986055.18403
1741896000000,2025-03-13 20:00:00,128600.15781264,10335785009.285915
1741899600000,2025-03-13 21:00:00,128629.87874283,10398517736.824766
1741903200000,2025-03-13 22:00:00,128622.20119829,10451849719.02603
1741906800000,2025-03-13 23:00:00,128675.36530103,10436817991.665735
1741910400000,2025-03-14 00:00:00,128728.95903597,10513744170.324932
1741914000000,2025-03-14 01:00:00,128725.32581352,10537803531.533628
1741917600000,2025-03-14 02:00:00,128689.00680291,10576710320.30016
1741921200000,2025-03-14 03:00:00,128682.06642727,10555704375.041248
1741924800000,2025-03-14 04:00:00,128715.14475457,10545573610.29851
1741928400000,2025-03-14 05:00:00,128761.10990241,10579080212.68859
1741932000000,2025-03-14 06:00:00,128795.944162,10549056781.618792
1741935600000,2025-03-14 07:00:00,128810.81689539,10603693082.282463
1741939200000,2025-03-14 08:00:00,128874.1394378,10660251773.610218
1741942800000,2025-03-14 09:00:00,128893.20372201,10701535974.275663
1741946400000,2025-03-14 10:00:00,128850.48656008,10722508233.459032
1741950000000,2025-03-14 11:00:00,128862.62337001,10736234766.154217
1741953600000,2025-03-14 12:00:00,128887.46802189,10750468070.920263
1741957200000,2025-03-14 13:00:00,128849.81402955,10774704911.874142
1741960800000,2025-03-14 14:00:00,129026.79910297,10699401921.397491
1741964400000,2025-03-14 15:00:00,129347.30872606,11014028065.042624
1741968000000,2025-03-14 16:00:00,129222.96567029,10957269068.969225
1741971600000,2025-03-14 17:00:00,129203.78835827,10916046970.916464
1741975200000,2025-03-14 18:00:00,129152.14051661,10928288004.987926
1741978800000,2025-03-14 19:00:00,129092.07087328,10916726840.014175
1741982400000,2025-03-14 20:00:00,129074.58073223,10871322670.532602
1741986000000,2025-03-14 21:00:00,129061.42082516,10875069390.4877
1741989600000,2025-03-14 22:00:00,129263.07038444,10907458544.248602
1741993200000,2025-03-14 23:00:00,129239.59928547,10886777604.55787
1741996800000,2025-03-15 00:00:00,129251.93122898,10907612066.354267
1742000400000,2025-03-15 01:00:00,129241.54286364,10901982547.963173
1742004000000,2025-03-15 02:00:00,129266.44845055,10925988560.611256
1742007600000,2025-03-15 03:00:00,129360.60470561,10973075322.894487
1742011200000,2025-03-15 04:00:00,129350.61790968,10944938155.790728
1742014800000,2025-03-15 05:00:00,129327.87221266,10904514546.297668
1742018400000,2025-03-15 06:00:00,129298.7321981,10884639897.664225
1742022000000,2025-03-15 07:00:00,129298.75730502,10842272247.798716
1742025600000,2025-03-15 08:00:00,129284.56361152,10847941714.041683
1742029200000,2025-03-15 09:00:00,129284.17634543,10852364294.186329
1742032800000,2025-03-15 10:00:00,129296.71918574,10838555225.4898
1742036400000,2025-03-15 11:00:00,129291.81017306,10887148317.419737
1742040000000,2025-03-15 12:00:00,129283.02996071,10902960742.325983
1742043600000,2025-03-15 13:00:00,129271.77823908,10926708611.276714
1742047200000,2025-03-15 14:00:00,129281.84140328,10889734568.525194
1742050800000,2025-03-15 15:00:00,129219.28118573,10902230285.054745
1742054400000,2025-03-15 16:00:00,129195.20973198,10908573118.880558
1742058000000,2025-03-15 17:00:00,129193.59001716,10911876364.734257
1742061600000,2025-03-15 18:00:00,129192.09560918,10898124047.488186
1742065200000,2025-03-15 19:00:00,129199.81616302,10903488070.224035
1742068800000,2025-03-15 20:00:00,129179.31985392,10903253480.86732
1742072400000,2025-03-15 21:00:00,129170.72909759,10907245868.665854
1742076000000,2025-03-15 22:00:00,129133.77642936,10899607555.94354
1742079600000,2025-03-15 23:00:00,129125.72165709,10892050436.582108
1742083200000,2025-03-16 00:00:00,129125.80999853,10895015867.495085
1742086800000,2025-03-16 01:00:00,129122.12794617,10884670182.916082
1742090400000,2025-03-16 02:00:00,129115.83848533,10875910174.268251
1742094000000,2025-03-16 03:00:00,129122.37784767,10886945617.305996
1742097600000,2025-03-16 04:00:00,129101.37455078,10894747859.4617
1742101200000,2025-03-16 05:00:00,129103.13213474,10887356921.29268
1742104800000,2025-03-16 06:00:00,129095.79776,10882859949.636765
1742108400000,2025-03-16 07:00:00,129096.2894267,10879823006.4239
1742112000000,2025-03-16 08:00:00,129097.87604121,10881400896.656612
1742115600000,2025-03-16 09:00:00,129097.85549823,10865293278.42836
1742119200000,2025-03-16 10:00:00,129058.68241309,10811084384.271864
1742122800000,2025-03-16 11:00:00,129108.39598657,10664457099.52758
1742126400000,2025-03-16 12:00:00,129093.33073035,10667372955.52435
1742130000000,2025-03-16 13:00:00,129088.74497643,10677677847.068306
1742133600000,2025-03-16 14:00:00,129100.8856683,10705589689.484564
1742137200000,2025-03-16 15:00:00,129053.0905189,10765428353.82721
1742140800000,2025-03-16 16:00:00,129099.88805516,10783296318.58944
1742144400000,2025-03-16 17:00:00,128992.62798539,10815844594.7121
1742148000000,2025-03-16 18:00:00,128995.20565768,10800323155.98274
1742151600000,2025-03-16 19:00:00,129006.78363083,10719551442.96741
1742155200000,2025-03-16 20:00:00,129008.12061689,10733285153.854696
1742158800000,2025-03-16 21:00:00,129004.99793054,10670545719.513876
1742162400000,2025-03-16 22:00:00,129008.57202487,10603146700.693266
1742166000000,2025-03-16 23:00:00,129008.5358923,10653407652.434908
1742169600000,2025-03-17 00:00:00,129021.13375755,10714102030.394554
1742173200000,2025-03-17 01:00:00,129027.13476048,10727501125.48002
1742176800000,2025-03-17 02:00:00,128994.25893893,10739947285.979158
1742180400000,2025-03-17 03:00:00,129018.39014374,10781619461.050549
1742184000000,2025-03-17 04:00:00,129027.03475087,10778299784.496614
1742187600000,2025-03-17 05:00:00,129055.92075602,10732279975.740284
1742191200000,2025-03-17 06:00:00,129052.76960076,10740691040.3684
1742194800000,2025-03-17 07:00:00,129035.65962089,10753638111.902332
1742198400000,2025-03-17 08:00:00,128954.4147214,10774601747.35212
1742202000000,2025-03-17 09:00:00,128948.38750999,10787479742.470882
1742205600000,2025-03-17 10:00:00,129097.44939308,10776911778.110483
1742209200000,2025-03-17 11:00:00,129099.80855026,10786826810.52685
1742212800000,2025-03-17 12:00:00,129192.12205238,10731376164.078691
1742216400000,2025-03-17 13:00:00,129209.51936183,10730941204.865185
1742220000000,2025-03-17 14:00:00,129308.51379154,10725793799.096315
1742223600000,2025-03-17 15:00:00,129373.87361205,10801440336.680326
1742227200000,2025-03-17 16:00:00,129426.41710936,10801601250.057158
1742230800000,2025-03-17 17:00:00,129400.49515141,10890218598.548492
1742234400000,2025-03-17 18:00:00,129175.88769832,10918775435.956352
1742238000000,2025-03-17 19:00:00,129086.22135944,10897755023.489891
1742241600000,2025-03-17 20:00:00,128866.21515533,10831757109.803328
1742245200000,2025-03-17 21:00:00,128426.77481391,10812046832.77188
1742248800000,2025-03-17 22:00:00,128396.04173843,10804689180.309357
1742252400000,2025-03-17 23:00:00,128399.35584512,10773946292.969889
1742256000000,2025-03-18 00:00:00,128453.320718,10761471866.98826
1742259600000,2025-03-18 01:00:00,128453.71996971,10679725832.411695
1742263200000,2025-03-18 02:00:00,128310.71144376,10709126367.121906
1742266800000,2025-03-18 03:00:00,128446.70998957,10668739699.218882
1742270400000,2025-03-18 04:00:00,128436.30290681,10658111268.282146
1742274000000,2025-03-18 05:00:00,128384.42432204,10660174721.66441
1742277600000,2025-03-18 06:00:00,128437.23817189,10611720991.206669
1742281200000,2025-03-18 07:00:00,128455.41077093,10664831720.763355
1742284800000,2025-03-18 08:00:00,128390.51652168,10692336096.526026
1742288400000,2025-03-18 09:00:00,128418.9034562,10682748867.54563
1742292000000,2025-03-18 10:00:00,128398.61593786,10637261272.76648
1742295600000,2025-03-18 11:00:00,128407.3585515,10601711261.905634
1742299200000,2025-03-18 12:00:00,128364.87190836,10592231018.295332
1742302800000,2025-03-18 13:00:00,128461.70338156,10451156069.128857
1742306400000,2025-03-18 14:00:00,128566.48731949,10520722997.565031
1742310000000,2025-03-18 15:00:00,128590.53520039,10568794838.650442
1742313600000,2025-03-18 16:00:00,128557.24352301,10505206256.40384
1742317200000,2025-03-18 17:00:00,128569.77400214,10489879827.499985
1742320800000,2025-03-18 18:00:00,128562.13741191,10520888495.985275
1742324400000,2025-03-18 19:00:00,128899.2326892,10568029079.775084
1742328000000,2025-03-18 20:00:00,128826.8507511,10556791667.53044
1742331600000,2025-03-18 21:00:00,128836.666755,10587560521.974155
1742335200000,2025-03-18 22:00:00,128848.29292166,10643171879.06025
1742338800000,2025-03-18 23:00:00,128852.84232537,10655171552.772709
1742342400000,2025-03-19 00:00:00,128786.03954659,10694038068.002594
1742346000000,2025-03-19 01:00:00,128790.23157953,10703747849.161036
1742349600000,2025-03-19 02:00:00,128810.53775028,10687074360.931116
1742353200000,2025-03-19 03:00:00,128808.40189107,10699717649.434212
1742356800000,2025-03-19 04:00:00,128825.03481301,10688639089.76978
1742360400000,2025-03-19 05:00:00,128817.32599929,10722568782.9999
1742364000000,2025-03-19 06:00:00,128816.1618061,10723501014.791536
1742367600000,2025-03-19 07:00:00,128658.70256462,10717094251.957058
1742371200000,2025-03-19 08:00:00,128670.40114384,10740462356.434595
1742374800000,2025-03-19 09:00:00,128702.21686045,10743426452.916676
1742378400000,2025-03-19 10:00:00,128929.00630651,10783109867.577875
1742382000000,2025-03-19 11:00:00,128931.19557088,10832819734.05622
1742385600000,2025-03-19 12:00:00,128760.27235555,10769290267.863468
1742389200000,2025-03-19 13:00:00,128777.99490242,10843103738.138058
1742392800000,2025-03-19 14:00:00,129190.2391744,10879481238.056423
1742396400000,2025-03-19 15:00:00,129204.17186233,10953646971.183249
1742400000000,2025-03-19 16:00:00,129049.93179872,10918236176.114834
1742403600000,2025-03-19 17:00:00,128960.86293493,10829859173.44448
1742407200000,2025-03-19 18:00:00,128981.65027664,10900287577.173153
1742410800000,2025-03-19 19:00:00,128941.27494179,11018704591.507034
1742414400000,2025-03-19 20:00:00,128718.08746076,10973020121.170977
1742418000000,2025-03-19 21:00:00,128715.14039516,11020720816.56598
1742421600000,2025-03-19 22:00:00,128633.00426578,11096704379.377352
1742425200000,2025-03-19 23:00:00,128623.92108369,11178944685.481058
1742428800000,2025-03-20 00:00:00,128709.44311346,11084536486.481956
1742432400000,2025-03-20 01:00:00,128627.60715096,11051687744.758364
1742436000000,2025-03-20 02:00:00,128668.47082969,11080458226.271446
1742439600000,2025-03-20 03:00:00,128690.20869931,11050326564.61666
1742443200000,2025-03-20 04:00:00,128521.52961625,10990191629.76886
1742446800000,2025-03-20 05:00:00,128544.41884262,11011075832.457205
1742450400000,2025-03-20 06:00:00,128550.13971597,11025348834.746569
1742454000000,2025-03-20 07:00:00,128563.50330807,11036385101.08621
1742457600000,2025-03-20 08:00:00,128562.52153815,11089951647.264612
1742461200000,2025-03-20 09:00:00,128543.90177543,11063829331.43714
1742464800000,2025-03-20 10:00:00,128580.08547572,10943279851.948189
1742468400000,2025-03-20 11:00:00,128574.05353581,10988807301.903551
1742472000000,2025-03-20 12:00:00,128553.10246009,10973722414.757366
1742475600000,2025-03-20 13:00:00,128465.60600005,11001310519.115242
1742479200000,2025-03-20 14:00:00,128408.26499206,11054602275.944927
1742482800000,2025-03-20 15:00:00,128442.62342311,10894576511.774578
1742486400000,2025-03-20 16:00:00,128486.73838958,10804858782.006023
1742490000000,2025-03-20 17:00:00,128238.67767059,10764825075.343912
1742493600000,2025-03-20 18:00:00,128203.11737887,10772689411.416515
1742497200000,2025-03-20 19:00:00,127982.55216359,10795184169.36983
1742500800000,2025-03-20 20:00:00,127964.72796917,10811378037.46771
1742504400000,2025-03-20 21:00:00,127940.02397037,10782631783.200315
1742508000000,2025-03-20 22:00:00,127697.78639377,10737450976.260729
1742511600000,2025-03-20 23:00:00,127696.35925768,10759501339.98664
1742515200000,2025-03-21 00:00:00,127684.17581597,10777808136.525848
1742518800000,2025-03-21 01:00:00,127681.982085,10791631510.407557
1742522400000,2025-03-21 02:00:00,127698.43695051,10804932105.34792
1742526000000,2025-03-21 03:00:00,127700.37793214,10769959163.295176
1742529600000,2025-03-21 04:00:00,127785.63503368,10815269371.706823
1742533200000,2025-03-21 05:00:00,127817.69235564,10798693722.557545
1742536800000,2025-03-21 06:00:00,127845.6816337,10755465603.08681
1742540400000,2025-03-21 07:00:00,127827.52362345,10718031027.80381
1742544000000,2025-03-21 08:00:00,127813.891734,10731038240.378351
1742547600000,2025-03-21 09:00:00,127796.3106338,10755704727.598331
1742551200000,2025-03-21 10:00:00,127760.02880127,10750965459.086897
1742554800000,2025-03-21 11:00:00,127930.26172549,10748716138.904114
1742558400000,2025-03-21 12:00:00,127916.91526572,10779336754.061407
1742562000000,2025-03-21 13:00:00,127916.95452877,10741017681.380384
1742565600000,2025-03-21 14:00:00,127933.11929191,10758222244.931952
1742569200000,2025-03-21 15:00:00,127932.09367222,10708692922.518734
1742572800000,2025-03-21 16:00:00,127863.1489973,10741743016.959946
1742576400000,2025-03-21 17:00:00,127821.79608362,10743928314.571877
1742580000000,2025-03-21 18:00:00,127823.23008851,10758108600.595726
1742583600000,2025-03-21 19:00:00,127804.05982853,10732123144.194609
1742587200000,2025-03-21 20:00:00,127944.09323422,10771331784.55179
1742590800000,2025-03-21 21:00:00,127868.48646308,10788948628.889006
1742594400000,2025-03-21 22:00:00,127846.42377044,10769137895.427748
1742598000000,2025-03-21 23:00:00,127837.39376745,10743638778.387913
1742601600000,2025-03-22 00:00:00,127821.32080073,10754547300.456644
1742605200000,2025-03-22 01:00:00,127813.35087269,10737810922.396622
1742608800000,2025-03-22 02:00:00,127775.83100416,10752998313.92493
1742612400000,2025-03-22 03:00:00,127794.67349257,10762418107.049032
1742616000000,2025-03-22 04:00:00,127794.02651014,10762794400.863031
1742619600000,2025-03-22 05:00:00,127731.148165,10772404609.603745
1742623200000,2025-03-22 06:00:00,127728.57424768,10763224722.580915
1742626800000,2025-03-22 07:00:00,127734.08077158,10754930845.458334
1742630400000,2025-03-22 08:00:00,127737.33559541,10760747536.321762
1742634000000,2025-03-22 09:00:00,127723.56737527,10775995760.419289
1742637600000,2025-03-22 10:00:00,127739.86140251,10780633203.886942
1742641200000,2025-03-22 11:00:00,127736.90294348,10761202219.281
1742644800000,2025-03-22 12:00:00,127742.3959368,10757085725.875576
1742648400000,2025-03-22 13:00:00,127783.03451064,10752404196.60638
1742652000000,2025-03-22 14:00:00,127809.16513688,10741756722.564262
1742655600000,2025-03-22 15:00:00,127785.21182029,10743989585.706003
1742659200000,2025-03-22 16:00:00,127773.13902748,10752993533.52978
1742662800000,2025-03-22 17:00:00,127772.07707462,10760499282.34515
1742666400000,2025-03-22 18:00:00,127738.87168576,10766652882.459436
1742670000000,2025-03-22 19:00:00,127676.11647763,10746184383.265211
1742673600000,2025-03-22 20:00:00,127620.77298422,10730475467.50228
1742677200000,2025-03-22 21:00:00,127625.43446161,10727685239.054363
1742680800000,2025-03-22 22:00:00,127626.54489742,10715278244.476038
1742684400000,2025-03-22 23:00:00,127630.98486877,10697359103.520962
1742688000000,2025-03-23 00:00:00,127640.53456396,10722803275.05886
1742691600000,2025-03-23 01:00:00,127653.81366926,10729394545.409643
1742695200000,2025-03-23 02:00:00,127649.73761821,10754748784.13937
1742698800000,2025-03-23 03:00:00,127657.04584175,10749672062.606606
1742702400000,2025-03-23 04:00:00,127663.45215383,10746135966.326595
1742706000000,2025-03-23 05:00:00,127663.24452578,10746028811.952356
1742709600000,2025-03-23 06:00:00,127642.75406573,10753373192.130775
1742713200000,2025-03-23 07:00:00,127651.98797019,10762683792.056528
1742716800000,2025-03-23 08:00:00,127644.28119781,10771258045.67026
1742720400000,2025-03-23 09:00:00,127656.21575994,10765688580.896885
1742724000000,2025-03-23 10:00:00,127664.07518861,10779663644.67241
1742727600000,2025-03-23 11:00:00,127637.36298894,10812690056.024412
1742731200000,2025-03-23 12:00:00,127619.03769756,10811561675.304483
1742734800000,2025-03-23 13:00:00,127631.26641253,10843619855.805906
1742738400000,2025-03-23 14:00:00,127744.09786112,10858105341.9256
1742742000000,2025-03-23 15:00:00,127745.55171168,10885494339.296162
1742745600000,2025-03-23 16:00:00,127752.88246152,10872223219.852585
1742749200000,2025-03-23 17:00:00,127747.96094931,10857405214.72906
1742752800000,2025-03-23 18:00:00,127748.51056954,10841731792.859522
1742756400000,2025-03-23 19:00:00,127749.9325135,10861792473.574064
1742760000000,2025-03-23 20:00:00,127736.87665281,10876041703.54836
1742763600000,2025-03-23 21:00:00,127704.60780909,10877818197.580524
1742767200000,2025-03-23 22:00:00,127694.81839449,10903520706.873798
1742770800000,2025-03-23 23:00:00,127716.45001558,10947375315.184904
1742774400000,2025-03-24 00:00:00,127755.38232256,11039941764.304836
1742778000000,2025-03-24 01:00:00,127770.33861267,10932063423.142326
1742781600000,2025-03-24 02:00:00,127803.87806611,10977728525.667112
1742785200000,2025-03-24 03:00:00,127817.84666755,11031449603.634085
1742788800000,2025-03-24 04:00:00,127744.58279517,11101540037.851711
1742792400000,2025-03-24 05:00:00,127770.5526873,11105651618.951792
1742796000000,2025-03-24 06:00:00,127811.31918703,11133690012.429798
1742799600000,2025-03-24 07:00:00,127836.86140642,11109873005.110262
1742803200000,2025-03-24 08:00:00,127941.44586847,11178531179.715595
1742806800000,2025-03-24 09:00:00,127986.07189135,11162193052.308554
1742810400000,2025-03-24 10:00:00,127991.30427059,11237417629.190182
1742814000000,2025-03-24 11:00:00,128006.68538245,11225668024.017656
1742817600000,2025-03-24 12:00:00,128031.41997479,11183526648.233677
1742821200000,2025-03-24 13:00:00,128025.28740312,11181044010.90172
1742824800000,2025-03-24 14:00:00,127779.96786803,11239998732.779291
1742828400000,2025-03-24 15:00:00,127712.12569647,11226784607.791817
1742832000000,2025-03-24 16:00:00,127602.27778971,11232932467.78381
1742835600000,2025-03-24 17:00:00,127566.27347697,11283306918.740513
1742839200000,2025-03-24 18:00:00,127532.3298595,11290753769.054758
1742842800000,2025-03-24 19:00:00,127285.80063876,11230838949.27084
1742846400000,2025-03-24 20:00:00,127237.57907249,11185162047.896172
1742850000000,2025-03-24 21:00:00,127144.17740424,11201103302.297615
1742853600000,2025-03-24 22:00:00,126981.73397544,11131165313.036009
1742857200000,2025-03-24 23:00:00,126801.24985919,11101934442.876831
1742860800000,2025-03-25 00:00:00,126700.9271406,11073623719.260893
1742864400000,2025-03-25 01:00:00,126643.6809336,11023610742.076103
1742868000000,2025-03-25 02:00:00,126656.64614946,11016221106.058435
1742871600000,2025-03-25 03:00:00,126670.21024888,10968676610.223969
1742875200000,2025-03-25 04:00:00,126697.84045203,10960602825.639568
1742878800000,2025-03-25 05:00:00,126664.13912167,10984047539.240587
1742882400000,2025-03-25 06:00:00,126622.93777528,10967816042.070171
1742886000000,2025-03-25 07:00:00,126563.44994296,10935756986.57945
1742889600000,2025-03-25 08:00:00,126499.48108745,10968843492.25924
1742893200000,2025-03-25 09:00:00,126512.02935275,11038829198.211548
1742896800000,2025-03-25 10:00:00,126418.99609458,11032942029.572716
1742900400000,2025-03-25 11:00:00,126429.42490806,11046789765.331968
1742904000000,2025-03-25 12:00:00,126448.34475885,11011538602.01067
1742907600000,2025-03-25 13:00:00,126463.37469701,11091228960.240438
1742911200000,2025-03-25 14:00:00,126369.66911894,11117860330.358004
1742914800000,2025-03-25 15:00:00,126327.77425396,11093204749.651173
1742918400000,2025-03-25 16:00:00,126267.08538955,11075611024.393583
1742922000000,2025-03-25 17:00:00,126251.07423703,11100703366.21236
1742925600000,2025-03-25 18:00:00,126149.67940179,11055147049.612106
1742929200000,2025-03-25 19:00:00,126106.68199651,11108668495.24221
1742932800000,2025-03-25 20:00:00,126069.05596424,11102311370.172909
1742936400000,2025-03-25 21:00:00,126064.99482868,11083923941.437737
1742940000000,2025-03-25 22:00:00,126081.19819948,11045168362.579617
1742943600000,2025-03-25 23:00:00,126062.08636193,11032183904.996843
1742947200000,2025-03-26 00:00:00,126079.83165095,11052766594.360533
1742950800000,2025-03-26 01:00:00,126086.49250933,11074889178.56496
1742954400000,2025-03-26 02:00:00,126148.56532458,11018437864.966644
1742958000000,2025-03-26 03:00:00,126247.78965428,11003096331.639973
1742961600000,2025-03-26 04:00:00,126360.43022501,11036304994.6558
1742965200000,2025-03-26 05:00:00,126425.9162006,11066762740.01942
1742968800000,2025-03-26 06:00:00,126420.32690171,11102148715.79216
1742972400000,2025-03-26 07:00:00,126384.00052487,11149646639.71635
1742976000000,2025-03-26 08:00:00,126415.39893435,11117639292.576452
1742979600000,2025-03-26 09:00:00,126309.51209618,11119910762.848837
1742983200000,2025-03-26 10:00:00,126113.32446162,11129401276.82502
1742986800000,2025-03-26 11:00:00,126129.3820109,11102473210.633408
1742990400000,2025-03-26 12:00:00,126152.79766202,11076671869.78604
1742994000000,2025-03-26 13:00:00,126103.00886479,11063069238.387545
1742997600000,2025-03-26 14:00:00,126081.60413736,10934646263.858587
1743001200000,2025-03-26 15:00:00,126018.52290287,10943474710.871605
1743004800000,2025-03-26 16:00:00,125790.56533363,10897942215.705006
1743008400000,2025-03-26 17:00:00,125747.07602563,10890750475.329292
1743012000000,2025-03-26 18:00:00,125762.39064539,10874824062.676165
1743015600000,2025-03-26 19:00:00,125785.31928038,10910719963.014263
1743019200000,2025-03-26 20:00:00,125727.3475727,10969203166.828842
1743022800000,2025-03-26 21:00:00,125654.66401662,10970565389.62684
1743026400000,2025-03-26 22:00:00,125635.2004496,10910219595.14445
1743030000000,2025-03-26 23:00:00,125629.02999389,10912400566.286913
1743033600000,2025-03-27 00:00:00,125651.16879299,10960789387.543003
1743037200000,2025-03-27 01:00:00,125662.21636786,10987619984.073862
1743040800000,2025-03-27 02:00:00,125643.70073038,11004220710.749506
1743044400000,2025-03-27 03:00:00,125681.90314555,11017554892.568651
1743048000000,2025-03-27 04:00:00,125710.94890742,11004289153.385962
1743051600000,2025-03-27 05:00:00,125615.76405371,10974568807.863266
1743055200000,2025-03-27 06:00:00,125622.96410295,10972289297.38894
1743058800000,2025-03-27 07:00:00,125623.52918345,10980208282.600847
1743062400000,2025-03-27 08:00:00,125618.93690918,10991576330.736065
1743066000000,2025-03-27 09:00:00,125705.61736212,11001003201.65264
1743069600000,2025-03-27 10:00:00,125744.17285741,11001358368.52384
1743073200000,2025-03-27 11:00:00,125737.0640507,10945110579.660294
1743076800000,2025-03-27 12:00:00,125870.07571399,10929679565.494171
1743080400000,2025-03-27 13:00:00,125821.81934895,10821157460.102217
1743084000000,2025-03-27 14:00:00,125875.16651964,10974036496.22723
1743087600000,2025-03-27 15:00:00,125866.12244269,10953815014.559317
1743091200000,2025-03-27 16:00:00,125919.19213255,10963157629.60483
1743094800000,2025-03-27 17:00:00,125919.88335554,10947611863.270416
1743098400000,2025-03-27 18:00:00,125907.84790449,10999670476.23983
1743102000000,2025-03-27 19:00:00,125896.32611,10973462283.68858
1743105600000,2025-03-27 20:00:00,125890.53726563,10991772879.078691
1743109200000,2025-03-27 21:00:00,125852.91645808,11027731427.326817
1743112800000,2025-03-27 22:00:00,125847.09386667,10992904823.96372
1743116400000,2025-03-27 23:00:00,125821.94811195,10974264054.616
1743120000000,2025-03-28 00:00:00,125820.98669701,10990687453.3702
1743123600000,2025-03-28 01:00:00,125780.79304203,10969885841.3833
1743127200000,2025-03-28 02:00:00,125690.31055672,10930987616.388935
1743130800000,2025-03-28 03:00:00,125690.78497361,10911146191.212364
1743134400000,2025-03-28 04:00:00,125694.13344962,10843755320.270405
1743138000000,2025-03-28 05:00:00,125638.79856106,10794185575.938295
1743141600000,2025-03-28 06:00:00,125691.27850085,10791807711.926884
1743145200000,2025-03-28 07:00:00,125696.52205479,10739362741.320477
1743148800000,2025-03-28 08:00:00,125333.55994135,10679476581.751707
1743152400000,2025-03-28 09:00:00,125248.06338065,10673658191.510324
1743156000000,2025-03-28 10:00:00,125397.46454024,10664683354.760391
1743159600000,2025-03-28 11:00:00,125467.81664144,10668574696.313314
1743163200000,2025-03-28 12:00:00,125422.32788741,10654320750.970247
1743166800000,2025-03-28 13:00:00,125417.79133675,10685610676.458336
1743170400000,2025-03-28 14:00:00,125526.77365262,10560343634.500454
1743174000000,2025-03-28 15:00:00,125737.16534567,10576485441.481594
1743177600000,2025-03-28 16:00:00,125773.5164688,10551979345.707165
1743181200000,2025-03-28 17:00:00,125821.19069136,10534240114.20615
1743184800000,2025-03-28 18:00:00,125853.46182216,10543207738.961847
1743188400000,2025-03-28 19:00:00,125824.62014204,10539346714.927492
1743192000000,2025-03-28 20:00:00,125815.15773979,10539088776.361708
1743195600000,2025-03-28 21:00:00,125865.27372236,10570916155.215544
1743199200000,2025-03-28 22:00:00,125998.33051706,10634013947.034714
1743202800000,2025-03-28 23:00:00,125862.73850698,10620325722.59404
1743206400000,2025-03-29 00:00:00,125738.42955524,10617808854.89746
1743210000000,2025-03-29 01:00:00,125774.90044947,10609484660.845274
1743213600000,2025-03-29 02:00:00,125784.71446604,10583785726.16022
1743217200000,2025-03-29 03:00:00,125701.70199986,10583462638.296955
1743220800000,2025-03-29 04:00:00,125741.41038059,10562514993.30652
1743224400000,2025-03-29 05:00:00,125808.14524008,10563290701.005562
1743228000000,2025-03-29 06:00:00,125825.25700484,10538179623.271616
1743231600000,2025-03-29 07:00:00,125823.44308357,10536777147.455244
1743235200000,2025-03-29 08:00:00,125836.55101677,10574724445.505287
1743238800000,2025-03-29 09:00:00,125843.52564685,10512532000.581244
1743242400000,2025-03-29 10:00:00,125978.63800579,10451207824.819242
1743246000000,2025-03-29 11:00:00,126062.4748192,10380914117.650606
1743249600000,2025-03-29 12:00:00,126180.18523988,10410532629.095957
1743253200000,2025-03-29 13:00:00,126201.76983579,10449204968.322004
1743256800000,2025-03-29 14:00:00,126210.73162563,10436909431.7475
1743260400000,2025-03-29 15:00:00,126217.74028722,10420363158.75064
1743264000000,2025-03-29 16:00:00,126371.55833455,10387307925.715414
1743267600000,2025-03-29 17:00:00,126437.2843191,10410394178.353476
1743271200000,2025-03-29 18:00:00,126274.6345566,10419709964.958378
1743274800000,2025-03-29 19:00:00,126292.15070552,10413390162.380217
1743278400000,2025-03-29 20:00:00,126277.97845053,10421752523.992298
1743282000000,2025-03-29 21:00:00,126287.51465889,10431996506.118818
1743285600000,2025-03-29 22:00:00,126317.95989593,10418871147.181164
1743289200000,2025-03-29 23:00:00,126327.17612251,10434331438.004875
1743292800000,2025-03-30 00:00:00,126352.59676706,10466642315.98594
1743296400000,2025-03-30 01:00:00,126376.2043089,10473620135.645935
1743300000000,2025-03-30 02:00:00,126373.06959973,10542746879.011736
1743303600000,2025-03-30 03:00:00,126471.93207741,10539204096.92177
1743307200000,2025-03-30 04:00:00,126464.85440476,10528546881.59403
1743310800000,2025-03-30 05:00:00,126489.82266895,10527765865.176884
1743314400000,2025-03-30 06:00:00,126489.28745225,10548063621.650284
1743318000000,2025-03-30 07:00:00,126438.12720748,10522378536.57046
1743321600000,2025-03-30 08:00:00,126430.9860747,10535039256.112371
1743325200000,2025-03-30 09:00:00,126416.10200361,10567940271.533892
1743328800000,2025-03-30 10:00:00,126549.64486591,10523326577.897264
1743332400000,2025-03-30 11:00:00,126573.98945922,10520776013.770857
1743336000000,2025-03-30 12:00:00,126572.07613194,10526168633.8991
1743339600000,2025-03-30 13:00:00,126673.08064688,10499217791.806522
1743343200000,2025-03-30 14:00:00,126736.61696588,10510735329.965197
1743346800000,2025-03-30 15:00:00,126768.21408619,10498193213.339972
1743350400000,2025-03-30 16:00:00,126786.40367334,10427883039.93888
1743354000000,2025-03-30 17:00:00,126796.58654401,10450979703.106922
1743357600000,2025-03-30 18:00:00,126696.17126675,10493082486.598234
1743361200000,2025-03-30 19:00:00,126583.3149368,10461243690.87585
1743364800000,2025-03-30 20:00:00,126661.16880654,10453207659.8117
1743368400000,2025-03-30 21:00:00,126575.76421939,10398251790.268356
1743372000000,2025-03-30 22:00:00,126605.28384767,10453565953.643135
1743375600000,2025-03-30 23:00:00,126657.19570283,10418868317.254757
1743379200000,2025-03-31 00:00:00,126728.34189253,10341984660.707975
1743382800000,2025-03-31 01:00:00,126784.2320771,10398303269.793411
1743386400000,2025-03-31 02:00:00,126865.96705654,10405086936.24224
1743390000000,2025-03-31 03:00:00,126886.8480624,10368108674.454102
1743393600000,2025-03-31 04:00:00,127034.91596198,10375068640.663595
1743397200000,2025-03-31 05:00:00,127089.62982533,10455753748.721798
1743400800000,2025-03-31 06:00:00,127117.56396201,10436381136.06482
1743404400000,2025-03-31 07:00:00,127218.11510178,10423077910.242865
1743408000000,2025-03-31 08:00:00,127226.52432933,10446394356.10571
1743411600000,2025-03-31 09:00:00,127231.70021542,10367112336.699371
1743415200000,2025-03-31 10:00:00,127264.57049488,10404497637.2056
1743418800000,2025-03-31 11:00:00,127282.89039355,10451841799.2247
1743422400000,2025-03-31 12:00:00,127272.31778507,10490139840.4547
1743426000000,2025-03-31 13:00:00,127436.64659076,10434025890.707922
1743429600000,2025-03-31 14:00:00,127513.92009922,10658813137.842562
1743433200000,2025-03-31 15:00:00,127553.66495018,10666735203.398617
1743436800000,2025-03-31 16:00:00,127571.25850264,10652289471.044912
1743440400000,2025-03-31 17:00:00,127606.43103277,10567447812.326015
1743444000000,2025-03-31 18:00:00,127623.89316717,10645618284.120085
1743447600000,2025-03-31 19:00:00,127645.2034078,10532044186.118954
1743451200000,2025-03-31 20:00:00,127638.42164789,10520866256.396742
1743454800000,2025-03-31 21:00:00,127643.87893186,10552414395.769728
1743458400000,2025-03-31 22:00:00,127706.28440521,10518892016.397633
1743462000000,2025-03-31 23:00:00,127707.65965013,10515796773.738363
1743465600000,2025-04-01 00:00:00,127699.93109055,10552435222.475277
1743469200000,2025-04-01 01:00:00,127707.86795302,10556785580.097069
1743472800000,2025-04-01 02:00:00,127656.89607458,10605640865.084932
1743476400000,2025-04-01 03:00:00,127652.39568207,10602140554.187902
1743480000000,2025-04-01 04:00:00,127692.78904602,10617808969.48558
1743483600000,2025-04-01 05:00:00,127684.50987844,10611878645.235909
1743487200000,2025-04-01 06:00:00,127677.87615104,10635502185.210022
1743490800000,2025-04-01 07:00:00,127702.328641,10665866631.064308
1743494400000,2025-04-01 08:00:00,127646.33123096,10732130818.47198
1743498000000,2025-04-01 09:00:00,127653.45909929,10758918436.406378
1743501600000,2025-04-01 10:00:00,127580.33216431,10744687925.72154
1743505200000,2025-04-01 11:00:00,127530.76704787,10702299080.206415
1743508800000,2025-04-01 12:00:00,127478.29623821,10674329720.6001
1743512400000,2025-04-01 13:00:00,127449.79735245,10684109159.080706
1743516000000,2025-04-01 14:00:00,127389.42930742,10647480744.782003
1743519600000,2025-04-01 15:00:00,127385.04777783,10867373270.397257
1743523200000,2025-04-01 16:00:00,127392.56637027,10856784922.418943
1743526800000,2025-04-01 17:00:00,127384.64191858,10855800918.259497
1743530400000,2025-04-01 18:00:00,127184.09773812,10825656919.174736
1743534000000,2025-04-01 19:00:00,127210.88465261,10806211391.20994
1743537600000,2025-04-01 20:00:00,127184.87465469,10843707256.11424
1743541200000,2025-04-01 21:00:00,127175.12712199,10837953331.321672
1743544800000,2025-04-01 22:00:00,127184.13817738,10843756067.461111
1743548400000,2025-04-01 23:00:00,127178.78661821,10832248832.127293
1743552000000,2025-04-02 00:00:00,127194.81303678,10810788661.627682
1743555600000,2025-04-02 01:00:00,127278.15970654,10829405803.891268
1743559200000,2025-04-02 02:00:00,127288.6657391,10797273497.666395
1743562800000,2025-04-02 03:00:00,127284.51793278,10764687549.195808
1743566400000,2025-04-02 04:00:00,127244.30147736,10750517436.37248
1743570000000,2025-04-02 05:00:00,127262.27499983,10708403565.91628
1743573600000,2025-04-02 06:00:00,127266.83256869,10688879768.59902
1743577200000,2025-04-02 07:00:00,127312.64209883,10723864385.8105
1743580800000,2025-04-02 08:00:00,127444.34142102,10784581592.779032
1743584400000,2025-04-02 09:00:00,127450.89848465,10828691098.713957
1743588000000,2025-04-02 10:00:00,127433.02430222,10835018972.456455
1743591600000,2025-04-02 11:00:00,127442.64457865,10788466095.898638
1743595200000,2025-04-02 12:00:00,127433.11593065,10835410160.983334
1743598800000,2025-04-02 13:00:00,127637.34475508,10906458627.681662
1743602400000,2025-04-02 14:00:00,127615.30327398,10936401830.45604
1743606000000,2025-04-02 15:00:00,127459.11462534,11061696095.403835
1743609600000,2025-04-02 16:00:00,127263.52573827,11076522261.366917
1743613200000,2025-04-02 17:00:00,127315.19878495,11031337032.90624
1743616800000,2025-04-02 18:00:00,127277.85591063,11016298867.41989
1743620400000,2025-04-02 19:00:00,127243.15646922,11055973967.382652
1743624000000,2025-04-02 20:00:00,127189.75932804,10874242554.929308
1743627600000,2025-04-02 21:00:00,127170.73194779,10764888575.080296
1743631200000,2025-04-02 22:00:00,127089.17291986,10521766521.181768
1743634800000,2025-04-02 23:00:00,127072.75440544,10484300054.795162
1743638400000,2025-04-03 00:00:00,127081.07740834,10593370051.740965
1743642000000,2025-04-03 01:00:00,127160.28105015,10654340571.736774
1743645600000,2025-04-03 02:00:00,127172.59180055,10637492157.39965
1743649200000,2025-04-03 03:00:00,127154.12738298,10622287172.004513
1743652800000,2025-04-03 04:00:00,127131.00545676,10626699520.439877
1743656400000,2025-04-03 05:00:00,127091.13104864,10599888121.025137
1743660000000,2025-04-03 06:00:00,127144.68039126,10554526292.860678
1743663600000,2025-04-03 07:00:00,127221.38558731,10587217938.39757
1743667200000,2025-04-03 08:00:00,127210.43805706,10636438715.62327
1743670800000,2025-04-03 09:00:00,126765.83089673,10610557946.351316
1743674400000,2025-04-03 10:00:00,126758.37640964,10556882937.160044
1743678000000,2025-04-03 11:00:00,126788.41924758,10542643560.764303
1743681600000,2025-04-03 12:00:00,126757.40023186,10417915469.389626
1743685200000,2025-04-03 13:00:00,126744.24863376,10455978099.6744
1743688800000,2025-04-03 14:00:00,126924.72509416,10363436852.57143
1743692400000,2025-04-03 15:00:00,126957.33451829,10412314378.814356
1743696000000,2025-04-03 16:00:00,126859.81033556,10430216043.194971
1743699600000,2025-04-03 17:00:00,126867.29714132,10388030479.269953
1743703200000,2025-04-03 18:00:00,126964.26192974,10412054075.568417
1743706800000,2025-04-03 19:00:00,127006.72866984,10425598561.802015
1743710400000,2025-04-03 20:00:00,126977.42315344,10394979566.60372
1743714000000,2025-04-03 21:00:00,126993.86079692,10484285824.095549
1743717600000,2025-04-03 22:00:00,126992.09581552,10506501151.683205
1743721200000,2025-04-03 23:00:00,126972.9890849,10553198773.833887
1743724800000,2025-04-04 00:00:00,126932.01225817,10543162460.715397
1743728400000,2025-04-04 01:00:00,126947.68307338,10545106986.928234
1743732000000,2025-04-04 02:00:00,126932.52861431,10518542866.728006
1743735600000,2025-04-04 03:00:00,126992.44690258,10516478038.047745
1743739200000,2025-04-04 04:00:00,126993.27552526,10505775114.04003
1743742800000,2025-04-04 05:00:00,127001.85405829,10554731203.56131
1743746400000,2025-04-04 06:00:00,127005.70800802,10547289460.00476
1743750000000,2025-04-04 07:00:00,127009.18914498,10664784466.961958
1743753600000,2025-04-04 08:00:00,127080.18764121,10737608037.166386
1743757200000,2025-04-04 09:00:00,127087.64094871,10761873442.69452
1743760800000,2025-04-04 10:00:00,127210.9573954,10489648744.57474
1743764400000,2025-04-04 11:00:00,127316.15332775,10474564302.5984
1743768000000,2025-04-04 12:00:00,127320.92897646,10541396248.596125
1743771600000,2025-04-04 13:00:00,127335.43037105,10562107465.60684
1743775200000,2025-04-04 14:00:00,127400.52004344,10523010343.667427
1743778800000,2025-04-04 15:00:00,127479.45895761,10589123273.057695
1743782400000,2025-04-04 16:00:00,127466.46862144,10596721954.47362
1743786000000,2025-04-04 17:00:00,127388.5863249,10754406960.479233
1743789600000,2025-04-04 18:00:00,127441.48160704,10725599151.759504
1743793200000,2025-04-04 19:00:00,127473.02311201,10742816502.945162
1743796800000,2025-04-04 20:00:00,127480.12476301,10698843169.351572
1743800400000,2025-04-04 21:00:00,127482.64036242,10729377949.086554
1743804000000,2025-04-04 22:00:00,127354.47069437,10707675941.525991
1743807600000,2025-04-04 23:00:00,127386.68828165,10677920704.27038
1743811200000,2025-04-05 00:00:00,127363.60087994,10669624001.674131
1743814800000,2025-04-05 01:00:00,127340.50931049,10688781781.432392
1743818400000,2025-04-05 02:00:00,127340.81691572,10685341522.116615
1743822000000,2025-04-05 03:00:00,127332.546844,10648652966.770206
1743825600000,2025-04-05 04:00:00,127561.65687793,10668496586.510223
1743829200000,2025-04-05 05:00:00,127571.60514335,10675780688.707169
1743832800000,2025-04-05 06:00:00,127541.9820842,10643505844.570164
1743836400000,2025-04-05 07:00:00,127564.348427,10649774095.191692
1743840000000,2025-04-05 08:00:00,127564.32052664,10652108861.749722
1743843600000,2025-04-05 09:00:00,127456.70773444,10662118544.940716
1743847200000,2025-04-05 10:00:00,127474.56028778,10660768925.236307
1743850800000,2025-04-05 11:00:00,127523.12039559,10647875923.2513
1743854400000,2025-04-05 12:00:00,127611.25642343,10621062338.419226
1743858000000,2025-04-05 13:00:00,127681.26074136,10560423025.104492
1743861600000,2025-04-05 14:00:00,127703.65642312,10590713790.89568
1743865200000,2025-04-05 15:00:00,127733.87986399,10545635294.4579
1743868800000,2025-04-05 16:00:00,127722.02343887,10562237090.08154
1743872400000,2025-04-05 17:00:00,127754.55203553,10585249055.043966
1743876000000,2025-04-05 18:00:00,127754.9264017,10606601654.333817
1743879600000,2025-04-05 19:00:00,127776.16206065,10614522561.130075
1743883200000,2025-04-05 20:00:00,127774.11323878,10599730765.961016
1743886800000,2025-04-05 21:00:00,127780.76851351,10606983334.879684
1743890400000,2025-04-05 22:00:00,128030.96585746,10646245665.550528
1743894000000,2025-04-05 23:00:00,128044.35991464,10672835364.27009
1743897600000,2025-04-06 00:00:00,128045.45231419,10692308691.791784
1743901200000,2025-04-06 01:00:00,128043.40301557,10719341235.316183
1743904800000,2025-04-06 02:00:00,128022.54634323,10669382427.839272
1743908400000,2025-04-06 03:00:00,128065.13362643,10672874133.853802
1743912000000,2025-04-06 04:00:00,128064.2421279,10684743386.417343
1743915600000,2025-04-06 05:00:00,128069.32134286,10686425457.73183
1743919200000,2025-04-06 06:00:00,128069.52785292,10688162232.575865
1743922800000,2025-04-06 07:00:00,128046.6636783,10638088240.691635
1743926400000,2025-04-06 08:00:00,128025.76726394,10619141105.59147
1743930000000,2025-04-06 09:00:00,128017.70950365,10632689177.83166
1743933600000,2025-04-06 10:00:00,127982.86290294,10598478105.614023
1743937200000,2025-04-06 11:00:00,128032.51195398,10581545469.964796
1743940800000,2025-04-06 12:00:00,128034.00972646,10590004716.119696
1743944400000,2025-04-06 13:00:00,128073.49121209,10533312582.544613
1743948000000,2025-04-06 14:00:00,128019.87057637,10589363199.84243
1743951600000,2025-04-06 15:00:00,127904.1670915,10566628157.0481
1743955200000,2025-04-06 16:00:00,128064.63205693,10507812289.814053
1743958800000,2025-04-06 17:00:00,128035.55826974,10343097492.913532
1743962400000,2025-04-06 18:00:00,128329.47553556,10160637543.061556
1743966000000,2025-04-06 19:00:00,128306.0648671,10214045585.567822
1743969600000,2025-04-06 20:00:00,128287.21531297,10124272873.622091
1743973200000,2025-04-06 21:00:00,128345.2449429,10129144396.820572
1743976800000,2025-04-06 22:00:00,128346.54341614,9981988851.093172
1743980400000,2025-04-06 23:00:00,128437.49459489,10043976475.556454
1743984000000,2025-04-07 00:00:00,128416.17709976,9981808909.351954
1743987600000,2025-04-07 01:00:00,128455.92920295,10159403923.914623
1743991200000,2025-04-07 02:00:00,128327.80986243,10078711080.283804
1743994800000,2025-04-07 03:00:00,128368.19489363,10043836100.400677
1743998400000,2025-04-07 04:00:00,128470.50566268,9891597098.298906
1744002000000,2025-04-07 05:00:00,128472.72801499,9882325602.223978
1744005600000,2025-04-07 06:00:00,128702.2860026,9647772062.932674
1744009200000,2025-04-07 07:00:00,128736.43783823,9641962802.622696
1744012800000,2025-04-07 08:00:00,128846.08712282,9855618356.090343
1744016400000,2025-04-07 09:00:00,129069.75671002,9833975088.31088
1744020000000,2025-04-07 10:00:00,129145.51062888,10001748524.882105
1744023600000,2025-04-07 11:00:00,129168.47872367,9880168590.966051
1744027200000,2025-04-07 12:00:00,129566.24066003,10028569743.957058
1744030800000,2025-04-07 13:00:00,129445.93597375,10060036686.157717
1744034400000,2025-04-07 14:00:00,129371.36308644,10222076514.302448
1744038000000,2025-04-07 15:00:00,129476.38365151,10169040072.890608
1744041600000,2025-04-07 16:00:00,129443.57725855,10088947478.037046
1744045200000,2025-04-07 17:00:00,129443.79151623,10225859303.939148
1744048800000,2025-04-07 18:00:00,129495.43215349,10207520101.596745
1744052400000,2025-04-07 19:00:00,129410.17569096,10128793865.639795
1744056000000,2025-04-07 20:00:00,129393.06058098,10201155068.309765
1744059600000,2025-04-07 21:00:00,129289.83962611,10272460311.946491
1744063200000,2025-04-07 22:00:00,129285.34149993,10338087500.752209
1744066800000,2025-04-07 23:00:00,129242.84045747,10301417234.952242
1744070400000,2025-04-08 00:00:00,129262.87918367,10208614644.140717
1744074000000,2025-04-08 01:00:00,129263.3818254,10418427188.609426
1744077600000,2025-04-08 02:00:00,129281.40573548,10362417156.98666
1744081200000,2025-04-08 03:00:00,129308.12928769,10358009240.817007
1744084800000,2025-04-08 04:00:00,129309.11599996,10366761409.341757
1744088400000,2025-04-08 05:00:00,129363.7899174,10324945342.803986
1744092000000,2025-04-08 06:00:00,129360.80779973,10284182487.551825
1744095600000,2025-04-08 07:00:00,129374.42032066,10262826834.76326
1744099200000,2025-04-08 08:00:00,129305.92762692,10228940379.185986
1744102800000,2025-04-08 09:00:00,129288.11652694,10211190594.383335
1744106400000,2025-04-08 10:00:00,129313.61762889,10211898833.498192
1744110000000,2025-04-08 11:00:00,129345.43567898,10327369544.363293
1744113600000,2025-04-08 12:00:00,129461.91451847,10312729363.756754
1744117200000,2025-04-08 13:00:00,129471.85045453,10341511518.782484
1744120800000,2025-04-08 14:00:00,129525.06009001,10283681364.965958
1744124400000,2025-04-08 15:00:00,129650.04649815,10174243891.55666
1744128000000,2025-04-08 16:00:00,129697.61295783,10031312700.094955
1744131600000,2025-04-08 17:00:00,129761.01160095,9998564887.012035
1744135200000,2025-04-08 18:00:00,129809.33381166,10052332196.358788
1744138800000,2025-04-08 19:00:00,129884.10842857,9986861241.265717
1744142400000,2025-04-08 20:00:00,129873.68864821,10003678453.317928
1744146000000,2025-04-08 21:00:00,129875.45835595,10003545470.115028
1744149600000,2025-04-08 22:00:00,129907.98258228,9963271711.69027
1744153200000,2025-04-08 23:00:00,129922.9082449,9913212548.06874
1744156800000,2025-04-09 00:00:00,129960.17893999,9946626612.425522
1744160400000,2025-04-09 01:00:00,130094.56690171,9802642062.264652
1744164000000,2025-04-09 02:00:00,130120.00317863,9906729979.657097
1744167600000,2025-04-09 03:00:00,130154.82894757,9799863947.582872
1744171200000,2025-04-09 04:00:00,130168.60919525,9944424209.786345
1744174800000,2025-04-09 05:00:00,130203.99582631,9972059319.6766
1744178400000,2025-04-09 06:00:00,130243.07965698,10046909259.236946
1744182000000,2025-04-09 07:00:00,129896.76181988,10095517616.8531
1744185600000,2025-04-09 08:00:00,129912.38202155,10020976356.668743
1744189200000,2025-04-09 09:00:00,129871.7344616,10045727234.454706
1744192800000,2025-04-09 10:00:00,129836.92707868,10007494485.978888
1744196400000,2025-04-09 11:00:00,129856.31149383,9858327557.14086
1744200000000,2025-04-09 12:00:00,129880.9865348,9921405541.491903
1744203600000,2025-04-09 13:00:00,129917.45869718,10093557621.996334
1744207200000,2025-04-09 14:00:00,129911.99196818,10022244087.52413
1744210800000,2025-04-09 15:00:00,130004.62374732,10041047120.843807
1744214400000,2025-04-09 16:00:00,129967.44560394,10143702997.096828
1744218000000,2025-04-09 17:00:00,129992.60811406,10676528065.256683
1744221600000,2025-04-09 18:00:00,130159.55746261,10647781396.636168
1744225200000,2025-04-09 19:00:00,130117.27217032,10704398999.885015
1744228800000,2025-04-09 20:00:00,130318.69712588,10782843257.063677
1744232400000,2025-04-09 21:00:00,130202.92441841,10840220231.418938
1744236000000,2025-04-09 22:00:00,129934.89581862,10787210082.502394
1744239600000,2025-04-09 23:00:00,129817.63421886,10712445588.690865
1744243200000,2025-04-10 00:00:00,129828.66958072,10662828048.973013
1744246800000,2025-04-10 01:00:00,129976.35302634,10700376676.358116
1744250400000,2025-04-10 02:00:00,129947.14477444,10680451747.450771
1744254000000,2025-04-10 03:00:00,129996.88773368,10618069714.087025
1744257600000,2025-04-10 04:00:00,129998.11002727,10642137914.804169
1744261200000,2025-04-10 05:00:00,129898.88792744,10672242920.793818
1744264800000,2025-04-10 06:00:00,129917.40429448,10652668285.56197
1744268400000,2025-04-10 07:00:00,129917.82775587,10607356395.424503
1744272000000,2025-04-10 08:00:00,129881.52405061,10592865656.944206
1744275600000,2025-04-10 09:00:00,129950.24384163,10642722391.85452
1744279200000,2025-04-10 10:00:00,131275.72743898,10726866077.727266
1744282800000,2025-04-10 11:00:00,131299.84795577,10743313689.12426
1744286400000,2025-04-10 12:00:00,131259.81428109,10723139547.646534
1744290000000,2025-04-10 13:00:00,131229.13284967,10630702766.153082
1744293600000,2025-04-10 14:00:00,131265.06002836,10700286831.27426
1744297200000,2025-04-10 15:00:00,131110.91369554,10333167655.538143
1744300800000,2025-04-10 16:00:00,131076.77023361,10393330630.805689
1744304400000,2025-04-10 17:00:00,131019.24722892,10389747169.065958
1744308000000,2025-04-10 18:00:00,130993.63170148,10402023891.739744
1744311600000,2025-04-10 19:00:00,131006.57827308,10429563587.99289
1744315200000,2025-04-10 20:00:00,130920.13220431,10451590485.318144
1744318800000,2025-04-10 21:00:00,130876.22067184,10433821948.897844
1744322400000,2025-04-10 22:00:00,130895.95957761,10428476855.994116
1744326000000,2025-04-10 23:00:00,130897.15432562,10420066843.313875
1744329600000,2025-04-11 00:00:00,131076.79804332,10371632868.486444
1744333200000,2025-04-11 01:00:00,131006.75113132,10454917690.086512
1744336800000,2025-04-11 02:00:00,130971.0535968,10537959939.572924
1744340400000,2025-04-11 03:00:00,130937.07913731,10572768476.300936
1744344000000,2025-04-11 04:00:00,130914.93420105,10584375526.266022
1744347600000,2025-04-11 05:00:00,130933.85688833,10574453890.096422
1744351200000,2025-04-11 06:00:00,131004.58580896,10616627436.679731
1744354800000,2025-04-11 07:00:00,131029.2404492,10599703770.23976
1744358400000,2025-04-11 08:00:00,130754.23908728,10650341840.737122
1744362000000,2025-04-11 09:00:00,130736.25841261,10747296253.84307
1744365600000,2025-04-11 10:00:00,130677.29007116,10791541788.13938
1744369200000,2025-04-11 11:00:00,130641.76025495,10732020548.84931
